sub_id,user_id,form_id,task_id,project_id,modified,campaign_id,campaign_name,are_you_aware_of_the_recent_attack_at_this_cathedral,do_you_believe_isis_supporters_in_your_area_are_foreigners,do_you_believe_that_attack_was_carried_out_by_a_suicide_bomber_as_isis_is_claiming,do_you_believe_this_attack_was_related_to_the_ongoing_bangsamoro_organic_law_bol_plebiscite,do_you_often_come_to_jolo,finally_travel_toward_the_back_of_the_cathedral,how_confident_are_you_in_the_armed_forces_of_the_philippines_to_provide_security,how_confident_are_you_in_the_philippines_national_police_to_provide_security,how_many_suicide_bombers_were_there,next_travel_to_either_side_of_the_cathedral,please_check_in_at_the_cathedral_of_our_lady_of_mount_carmel,please_provide_another_photo_of_the_cathedral,please_take_a_photo_of_the_back_of_the_cathedral,please_take_a_photo_of_the_cathedral,please_take_a_photo_of_the_side_of_the_cathedral,thank_you_for_participating_in_this_survey,this_task_will_ask_you_to_travel_to_the_cathedral_of_our_lady_of_mount_carmel_in_jolo_sulu,what_is_your_enthnicity,what_is_your_gender,what_is_your_religion,lat,lon
"""4525060612161536""","""4708461789052928""","""6716196395155456""","""6501202948784128""","""5897368358617088""",2019-02-06 10:49:19.103000+00:00,"""4929521004314624""",su-ph_cathedral-of-our-lady-of-mount-carmel,no,i_don_t_know,yes,no,very_often_i_live_here,,not_confident,not_at_all_confident,i_do_not_know,,"6.0529431,121.000602",,,https://storage.googleapis.com/prod-premise-android-observation-us/0eaea5ba-a983-4183-889f-9d4dd7ae841f.jpg,,complete,continue,tausug,female,islam,6.052934693333333,121.00057270666667
"""4534613340848128""","""6313297726930944""","""6716196395155456""","""6501202948784128""","""5897368358617088""",2019-02-06 10:49:18.728000+00:00,"""4929521004314624""",su-ph_cathedral-of-our-lady-of-mount-carmel,no,i_don_t_know,yes,no,very_often_i_live_here,,not_confident,not_at_all_confident,i_do_not_know,,"6.0529385,121.0006697",,,https://storage.googleapis.com/prod-premise-android-observation-us/317d51d3-3340-4db0-bfed-10b5f59875b6.jpg,,complete,continue,tausug,female,islam,6.0529465,121.00065825999998
"""4536608838647808""","""5928278033432576""","""6716196395155456""","""6501202948784128""","""5897368358617088""",2019-03-22 10:53:24.006000+00:00,"""4929521004314624""",su-ph_cathedral-of-our-lady-of-mount-carmel,,,,,,continue,,,,continue,"6.0526951,121.0005722",https://storage.googleapis.com/prod-premise-android-observation-us/bc98f066-2d9f-40c7-ad30-be0499209d8d.jpg,https://storage.googleapis.com/prod-premise-android-observation-us/88ad345f-640f-4408-b8f3-0384d3bb3e9b.jpg,https://storage.googleapis.com/prod-premise-android-observation-us/82de8a7c-16c7-4f1f-9b3e-62a0164cdd4e.jpg,https://storage.googleapis.com/prod-premise-android-observation-us/52683345-2bef-4e71-9395-960c24dac5d8.jpg,complete,continue,,,,6.0510652,121.00124502222224
"""4602434837020672""","""6244395927994368""","""6716196395155456""","""6501202948784128""","""5897368358617088""",2019-03-15 02:41:21.960000+00:00,"""4929521004314624""",su-ph_cathedral-of-our-lady-of-mount-carmel,,,,,,continue,,,,continue,"6.0527914,121.0007885",https://storage.googleapis.com/prod-premise-android-observation-us/dbb142a1-642a-430b-94cc-133b3ef303a4.jpg,https://storage.googleapis.com/prod-premise-android-observation-us/5abb3ef7-9faa-45eb-8bf9-d93ad00f9f34.jpg,https://storage.googleapis.com/prod-premise-android-observation-us/52d090c1-0209-45f2-a9ca-0da1a715c37b.jpg,https://storage.googleapis.com/prod-premise-android-observation-us/a7ea793f-c39e-4f85-90de-97d4b03263c7.jpg,complete,continue,,,,6.052759811111112,121.00099449999999
"""4684893119315968""","""6244395927994368""","""6716196395155456""","""6501202948784128""","""5897368358617088""",2019-04-23 10:05:23.825000+00:00,"""4929521004314624""",su-ph_cathedral-of-our-lady-of-mount-carmel,,,,,,continue,,,,continue,"6.0527036,121.0013181",https://storage.googleapis.com/prod-premise-android-observation-us/d94be16f-6cba-4e9a-a8f2-354dfb901e17.jpg,https://storage.googleapis.com/prod-premise-android-observation-us/0453f41b-79bf-44f0-9aca-df73928c5f52.jpg,https://storage.googleapis.com/prod-premise-android-observation-us/ea248c7c-e280-4c47-9929-32a53646b846.jpg,https://storage.googleapis.com/prod-premise-android-observation-us/17c235b2-39e2-4322-8847-101192e313c0.jpg,complete,continue,,,,6.052662533333334,121.00112078888888
"""4712220052160512""","""6344217632702464""","""6716196395155456""","""6501202948784128""","""5897368358617088""",2019-03-20 16:38:21.908000+00:00,"""4929521004314624""",su-ph_cathedral-of-our-lady-of-mount-carmel,,,,,,continue,,,,continue,"6.0534014,121.0013584",https://storage.googleapis.com/prod-premise-android-observation-us/f2f16029-4bbf-47c6-9d99-8646c33dec5a.jpg,https://storage.googleapis.com/prod-premise-android-observation-us/53c97fd9-9f83-41e0-ab9b-a1b07215c073.jpg,https://storage.googleapis.com/prod-premise-android-observation-us/34d269cf-b1cc-48b2-bd8d-ccd9d3dd7444.jpg,https://storage.googleapis.com/prod-premise-android-observation-us/0bab46fa-4e8e-4b16-beab-594e1ba020ee.jpg,complete,continue,,,,6.053136322222222,121.00127983333333
"""4743769996918784""","""6244395927994368""","""6716196395155456""","""6501202948784128""","""5897368358617088""",2019-03-15 02:41:22.132000+00:00,"""4929521004314624""",su-ph_cathedral-of-our-lady-of-mount-carmel,,,,,,continue,,,,continue,"6.053572,121.0008741",,,https://storage.googleapis.com/prod-premise-android-observation-us/9a68c08d-7175-430b-9c71-8704b19cd384.jpg,https://storage.googleapis.com/prod-premise-android-observation-us/59275e65-56dd-49dc-8bea-a0033062556a.jpg,complete,continue,,,,6.0534981142857145,121.0008291857143
"""4771963651227648""","""6244395927994368""","""6716196395155456""","""6501202948784128""","""5897368358617088""",2019-03-25 13:29:25.483000+00:00,"""4929521004314624""",su-ph_cathedral-of-our-lady-of-mount-carmel,,,,,,continue,,,,continue,"6.0527834,121.0008203",https://storage.googleapis.com/prod-premise-android-observation-us/bd6cab1e-489a-44b5-ad3f-a719428fcd25.jpg,https://storage.googleapis.com/prod-premise-android-observation-us/8108074d-d5ea-48b2-8a9f-25ca4275559d.jpg,https://storage.googleapis.com/prod-premise-android-observation-us/d819b633-8ece-455b-8ad6-cd05b607ba80.jpg,https://storage.googleapis.com/prod-premise-android-observation-us/40737eb2-f3de-4d2a-9cba-820d05da099f.jpg,complete,continue,,,,6.052812755555554,121.00097869999998
"""4791603135774720""","""6244395927994368""","""6716196395155456""","""6501202948784128""","""5897368358617088""",2019-04-05 09:37:23.343000+00:00,"""4929521004314624""",su-ph_cathedral-of-our-lady-of-mount-carmel,,,,,,continue,,,,continue,"6.0527174,121.0010977",https://storage.googleapis.com/prod-premise-android-observation-us/7c7dd8d4-512f-4e6b-9a32-e2ee8f6f295e.jpg,https://storage.googleapis.com/prod-premise-android-observation-us/3b9eff6c-a7d0-4463-9e26-5e0f8f5011a7.jpg,https://storage.googleapis.com/prod-premise-android-observation-us/6ee7b673-99b3-447d-858a-4f77c852b972.jpg,https://storage.googleapis.com/prod-premise-android-observation-us/8b625b27-6a47-48bb-9dbb-8e8d48c66435.jpg,complete,continue,,,,6.05270901111111,121.00103735555555
"""4804933482184704""","""5768859317436416""","""6716196395155456""","""6501202948784128""","""5897368358617088""",2019-02-06 10:48:20.321000+00:00,"""4929521004314624""",su-ph_cathedral-of-our-lady-of-mount-carmel,yes,i_don_t_know,no,no,very_often_i_live_here,,not_confident,not_at_all_confident,,,"6.0527712,121.0007518",,,https://storage.googleapis.com/prod-premise-android-observation-us/c651a7f3-f16a-49d4-84da-a7ae4b56f046.jpg,,complete,continue,tausug,female,islam,6.052796328571428,121.00076160000002
"""4841605992284160""","""6244395927994368""","""6716196395155456""","""6501202948784128""","""5897368358617088""",2019-03-25 13:29:25.004000+00:00,"""4929521004314624""",su-ph_cathedral-of-our-lady-of-mount-carmel,,,,,,continue,,,,continue,"6.0529396,121.000847",https://storage.googleapis.com/prod-premise-android-observation-us/d10a6d68-46c7-4754-820a-c9ea2e96465d.jpg,,https://storage.googleapis.com/prod-premise-android-observation-us/9670b469-6974-4d6e-b894-9e034094b340.jpg,https://storage.googleapis.com/prod-premise-android-observation-us/6f690758-e527-44a6-834f-216c0159835d.jpg,complete,continue,,,,6.052822775,121.000824325
"""4895189619441664""","""6244395927994368""","""6716196395155456""","""6501202948784128""","""5897368358617088""",2019-02-08 23:56:23.481000+00:00,"""4929521004314624""",su-ph_cathedral-of-our-lady-of-mount-carmel,yes,yes,yes,no,i_travel_here_often_but_i_do_not_live_here,,very_confident,not_at_all_confident,i_do_not_know,,"6.0529673,121.0009082",,,https://storage.googleapis.com/prod-premise-android-observation-us/b41165dc-5f50-48f1-a9d6-1301a455958c.jpg,,complete,continue,bisaya,male,roman_catholic,6.053871853333335,121.00033335333335
"""4928541298786304""","""5909030453116928""","""6716196395155456""","""6501202948784128""","""5897368358617088""",2019-02-06 10:48:19.322000+00:00,"""4929521004314624""",su-ph_cathedral-of-our-lady-of-mount-carmel,no,i_don_t_know,yes,no,not_often_but_i_live_nearby,,not_confident,not_at_all_confident,i_do_not_know,,"6.0528247,121.0006478",,,https://storage.googleapis.com/prod-premise-android-observation-us/2116d52a-9ae7-4537-8a7a-8a4f95ddc173.jpg,,complete,continue,tausug,female,islam,6.052842366666667,121.00065000000001
"""4943395795501056""","""5584771985965056""","""6716196395155456""","""6501202948784128""","""5897368358617088""",2019-02-06 10:49:19.662000+00:00,"""4929521004314624""",su-ph_cathedral-of-our-lady-of-mount-carmel,no,i_don_t_know,yes,no,very_often_i_live_here,,not_confident,not_at_all_confident,i_do_not_know,,"6.0529073,121.0006171",,,https://storage.googleapis.com/prod-premise-android-observation-us/f4466ac5-3a12-4dba-b90d-9bb4a0218673.jpg,,complete,continue,tausug,female,islam,6.05292052,121.00059687333334
"""4951806959419392""","""6244395927994368""","""6716196395155456""","""6501202948784128""","""5897368358617088""",2019-04-06 23:23:32.324000+00:00,"""4929521004314624""",su-ph_cathedral-of-our-lady-of-mount-carmel,,,,,,continue,,,,continue,"6.0528578,121.0011877",https://storage.googleapis.com/prod-premise-android-observation-us/796d5f4c-7f24-4327-afa8-37e7abee9499.jpg,https://storage.googleapis.com/prod-premise-android-observation-us/88f5f583-905a-4eba-ad4b-6bef3101d43d.jpg,https://storage.googleapis.com/prod-premise-android-observation-us/90545868-372c-41bc-a3f3-a60793952301.jpg,https://storage.googleapis.com/prod-premise-android-observation-us/58f14c80-b7d8-42d5-9525-a97f6f63c14d.jpg,complete,continue,,,,6.0526724777777785,121.00096677777778
"""4973866540597248""","""6244395927994368""","""6716196395155456""","""6501202948784128""","""5897368358617088""",2019-03-21 12:50:24.926000+00:00,"""4929521004314624""",su-ph_cathedral-of-our-lady-of-mount-carmel,,,,,,continue,,,,continue,"6.0530081,121.0009139",https://storage.googleapis.com/prod-premise-android-observation-us/47529e83-4778-4951-b2dc-f89376f0c5b8.jpg,https://storage.googleapis.com/prod-premise-android-observation-us/76d816bb-f871-455d-9f0c-544d2fcd49ca.jpg,https://storage.googleapis.com/prod-premise-android-observation-us/d327b6f0-ef06-47cc-8c5f-5f6ffc0a148e.jpg,https://storage.googleapis.com/prod-premise-android-observation-us/74dd5570-13d7-46e8-b084-85b460cc1f29.jpg,complete,continue,,,,6.052879311111111,121.00109810000001
"""4973989354012672""","""6244395927994368""","""6716196395155456""","""6501202948784128""","""5897368358617088""",2019-03-06 03:47:20.471000+00:00,"""4929521004314624""",su-ph_cathedral-of-our-lady-of-mount-carmel,yes,yes,yes,no,i_travel_here_often_but_i_do_not_live_here,,very_confident,not_at_all_confident,i_do_not_know,,"6.053012,121.0005741",,,https://storage.googleapis.com/prod-premise-android-observation-us/4d9ef426-42f8-474f-829b-6c8ee3c35853.jpg,,complete,continue,bisaya,male,roman_catholic,6.053007513333335,121.00059073333334
"""4981541127061504""","""6344217632702464""","""6716196395155456""","""6501202948784128""","""5897368358617088""",2019-03-27 10:38:24.011000+00:00,"""4929521004314624""",su-ph_cathedral-of-our-lady-of-mount-carmel,,,,,,continue,,,,continue,"6.0525538,121.0005215",https://storage.googleapis.com/prod-premise-android-observation-us/69b23146-6ed1-4751-9b4d-c7eefe46791b.jpg,https://storage.googleapis.com/prod-premise-android-observation-us/6c0e1787-42e4-459e-bfe2-64fb91e07fef.jpg,https://storage.googleapis.com/prod-premise-android-observation-us/db672f2d-2204-42ee-8277-4df9702eefa6.jpg,https://storage.googleapis.com/prod-premise-android-observation-us/fa961ddc-beb1-4f69-a1cf-1751bb51f693.jpg,complete,continue,,,,6.051939566666666,120.99975574444443
"""5012828233662464""","""6244395927994368""","""6716196395155456""","""6501202948784128""","""5897368358617088""",2019-04-19 11:19:35.510000+00:00,"""4929521004314624""",su-ph_cathedral-of-our-lady-of-mount-carmel,,,,,,continue,,,,continue,"6.0527896,121.0008918",https://storage.googleapis.com/prod-premise-android-observation-us/115cbe17-94ce-4197-a4a8-b4882758c4a3.jpg,https://storage.googleapis.com/prod-premise-android-observation-us/d79ab16c-7ff3-4e7d-9031-a573357dbc9e.jpg,https://storage.googleapis.com/prod-premise-android-observation-us/7aeb8cee-8bae-485e-a770-d5a14865758b.jpg,https://storage.googleapis.com/prod-premise-android-observation-us/56e692a6-d137-43cc-885c-d49ba208402c.jpg,complete,continue,,,,6.052778511111112,121.00103491111112
"""5079557571870720""","""6244395927994368""","""6716196395155456""","""6501202948784128""","""5897368358617088""",2019-05-02 14:18:36.502000+00:00,"""4929521004314624""",su-ph_cathedral-of-our-lady-of-mount-carmel,,,,,,continue,,,,continue,"6.0527999,121.0013706",https://storage.googleapis.com/prod-premise-android-observation-us/e9b227c3-3425-4a8e-8d4a-fd1fdb7a3852.jpg,https://storage.googleapis.com/prod-premise-android-observation-us/e18642af-4649-420a-8c45-2005c42f0f44.jpg,https://storage.googleapis.com/prod-premise-android-observation-us/796c82b7-6310-4745-833c-7aba10dff8c9.jpg,https://storage.googleapis.com/prod-premise-android-observation-us/77055a3b-de62-47d5-ad23-c90cf7f2e9a0.jpg,complete,continue,,,,6.052862822222221,121.00136615555554
"""5088911668805632""","""6244395927994368""","""6716196395155456""","""6501202948784128""","""5897368358617088""",2019-03-19 13:08:29.831000+00:00,"""4929521004314624""",su-ph_cathedral-of-our-lady-of-mount-carmel,,,,,,continue,,,,continue,"6.0529747,121.0010319",https://storage.googleapis.com/prod-premise-android-observation-us/556097d4-9807-4583-845d-77dd673a7a9f.jpg,https://storage.googleapis.com/prod-premise-android-observation-us/4e0412c7-8849-45f4-b35c-a9e7083df3ba.jpg,https://storage.googleapis.com/prod-premise-android-observation-us/5456a967-e822-47de-afad-11a0a0196289.jpg,https://storage.googleapis.com/prod-premise-android-observation-us/9478ec9c-9a24-4bfc-b129-0775c266ecb5.jpg,complete,continue,,,,6.052949711111112,121.00101878888887
"""5139665500766208""","""6244395927994368""","""6716196395155456""","""6501202948784128""","""5897368358617088""",2019-05-23 16:57:31.681000+00:00,"""4929521004314624""",su-ph_cathedral-of-our-lady-of-mount-carmel,,,,,,continue,,,,continue,"6.0528448,121.0015307",,https://storage.googleapis.com/prod-premise-android-observation-us/198bb1fe-4e27-4b8d-9f15-8e6fefdb1b8f.jpg,https://storage.googleapis.com/prod-premise-android-observation-us/a818b31f-6b6e-4521-8f76-a0f61ba2bdcf.jpg,https://storage.googleapis.com/prod-premise-android-observation-us/9f72b1ba-b934-464c-b206-a48dd07ba9cb.jpg,complete,continue,,,,6.052842375,121.0012030625
"""5186309254545408""","""6244395927994368""","""6716196395155456""","""6501202948784128""","""5897368358617088""",2019-04-02 14:38:24.653000+00:00,"""4929521004314624""",su-ph_cathedral-of-our-lady-of-mount-carmel,,,,,,continue,,,,continue,"6.0525658,121.0007064",https://storage.googleapis.com/prod-premise-android-observation-us/689842cd-53ae-4b8d-b662-43f1f229550a.jpg,,https://storage.googleapis.com/prod-premise-android-observation-us/14eb80c7-23ba-4bb8-bc05-4702462363ce.jpg,,complete,continue,,,,6.052581699999999,121.00077031428573
"""5209919235031040""","""5928278033432576""","""6716196395155456""","""6501202948784128""","""5897368358617088""",2019-03-25 13:29:23.448000+00:00,"""4929521004314624""",su-ph_cathedral-of-our-lady-of-mount-carmel,,,,,,continue,,,,continue,"6.0527353,121.0007604",https://storage.googleapis.com/prod-premise-android-observation-us/4cc7d0ca-eb43-42e2-959b-53162e14334d.jpg,https://storage.googleapis.com/prod-premise-android-observation-us/73e064a0-7a54-4de4-8b1e-483c404ebc3a.jpg,https://storage.googleapis.com/prod-premise-android-observation-us/60e144fc-1b6d-414e-a626-f0eb397d8652.jpg,https://storage.googleapis.com/prod-premise-android-observation-us/8788fe01-9a8f-4d80-adb5-460b22204b68.jpg,complete,continue,,,,6.052589588888888,121.00084313333335
"""5238764159893504""","""6244395927994368""","""6716196395155456""","""6501202948784128""","""5897368358617088""",2019-04-02 17:38:21.825000+00:00,"""4929521004314624""",su-ph_cathedral-of-our-lady-of-mount-carmel,,,,,,continue,,,,continue,"6.0529474,121.001611",https://storage.googleapis.com/prod-premise-android-observation-us/437e914d-2c57-418e-a2f7-f8899dda9270.jpg,,https://storage.googleapis.com/prod-premise-android-observation-us/eac5c2a2-1f72-48ae-bd91-3882a3fbab4b.jpg,https://storage.googleapis.com/prod-premise-android-observation-us/47065e61-a2ad-4c38-87fb-006c8d71f9c8.jpg,complete,continue,,,,6.0528484625,121.00150649999999
"""5258670844674048""","""6244395927994368""","""6716196395155456""","""6501202948784128""","""5897368358617088""",2019-06-11 17:08:22.065000+00:00,"""4929521004314624""",su-ph_cathedral-of-our-lady-of-mount-carmel,,,,,,continue,,,,continue,"6.0527156,121.0011938",https://storage.googleapis.com/prod-premise-android-observation-us/922f8a5a-88d7-4398-83c2-6d6e5f73ace8.jpg,https://storage.googleapis.com/prod-premise-android-observation-us/5cf578ff-4a79-4537-a6eb-090c00441186.jpg,https://storage.googleapis.com/prod-premise-android-observation-us/5afe7674-b904-41e7-87df-34668021aaec.jpg,https://storage.googleapis.com/prod-premise-android-observation-us/4b7f6083-f475-49dc-a4b3-f97236aa3f09.jpg,complete,continue,,,,6.052735566666666,121.00114434444443
"""5270223026388992""","""6244395927994368""","""6716196395155456""","""6501202948784128""","""5897368358617088""",2019-02-20 01:34:20.634000+00:00,"""4929521004314624""",su-ph_cathedral-of-our-lady-of-mount-carmel,yes,yes,yes,no,i_travel_here_often_but_i_do_not_live_here,,very_confident,not_at_all_confident,2,,"6.0529312,121.0005791",,,https://storage.googleapis.com/prod-premise-android-observation-us/c9df1cb9-7f20-4d5b-9963-4aac733f6133.jpg,,complete,continue,bisaya,male,roman_catholic,6.052952973333334,121.00055994000003
"""5290237774266368""","""6244395927994368""","""6716196395155456""","""6501202948784128""","""5897368358617088""",2019-03-30 10:23:23.657000+00:00,"""4929521004314624""",su-ph_cathedral-of-our-lady-of-mount-carmel,,,,,,continue,,,,continue,"6.0529621,121.0009902",,https://storage.googleapis.com/prod-premise-android-observation-us/4cace777-3234-4cec-a725-bafd26c648ea.jpg,https://storage.googleapis.com/prod-premise-android-observation-us/7421c847-abf9-425b-a62e-dde474fc23e2.jpg,https://storage.googleapis.com/prod-premise-android-observation-us/73e18132-b9e0-4062-aa94-097211703af9.jpg,complete,continue,,,,6.052858625,121.00113404999999
"""5318840159305728""","""6244395927994368""","""6716196395155456""","""6501202948784128""","""5897368358617088""",2019-03-24 19:56:25.152000+00:00,"""4929521004314624""",su-ph_cathedral-of-our-lady-of-mount-carmel,,,,,,continue,,,,continue,"6.0530611,121.0013959",https://storage.googleapis.com/prod-premise-android-observation-us/f01a1e78-b8a9-4fb7-8c8d-5c437e64bdf7.jpg,https://storage.googleapis.com/prod-premise-android-observation-us/3a02e192-c28f-4cd1-b08e-b7713ad64707.jpg,https://storage.googleapis.com/prod-premise-android-observation-us/61aa20ed-497a-46a9-88be-f585e3fcdffd.jpg,https://storage.googleapis.com/prod-premise-android-observation-us/ea70b993-bdeb-4e5a-8012-8f1712506b5d.jpg,complete,continue,,,,6.052903644444445,121.00140352222223
"""5343747723231232""","""6244395927994368""","""6716196395155456""","""6501202948784128""","""5897368358617088""",2019-04-02 17:38:21.926000+00:00,"""4929521004314624""",su-ph_cathedral-of-our-lady-of-mount-carmel,,,,,,continue,,,,continue,"6.0528434,121.001605",,https://storage.googleapis.com/prod-premise-android-observation-us/dd156c32-c374-4e36-9df6-1e18877c0167.jpg,https://storage.googleapis.com/prod-premise-android-observation-us/5354d2dd-906a-4df9-9800-fbbab5404304.jpg,https://storage.googleapis.com/prod-premise-android-observation-us/f900cc0e-8f8a-4079-ad23-41ada2ca1796.jpg,complete,continue,,,,6.052860024999999,121.00157479999999
"""5465984514129920""","""6244395927994368""","""6716196395155456""","""6501202948784128""","""5897368358617088""",2019-03-26 09:38:23.120000+00:00,"""4929521004314624""",su-ph_cathedral-of-our-lady-of-mount-carmel,,,,,,continue,,,,continue,"6.0529143,121.0009518",,,https://storage.googleapis.com/prod-premise-android-observation-us/701fc01e-d11b-49be-9484-49629766150b.jpg,https://storage.googleapis.com/prod-premise-android-observation-us/9dbb214c-6b88-4adb-88ca-0829bf4ad3dc.jpg,complete,continue,,,,6.052904385714285,121.00090022857144
"""5597925630541824""","""6244395927994368""","""6716196395155456""","""6501202948784128""","""5897368358617088""",2019-05-02 14:21:24.648000+00:00,"""4929521004314624""",su-ph_cathedral-of-our-lady-of-mount-carmel,,,,,,continue,,,,continue,"6.0527134,121.0011316",https://storage.googleapis.com/prod-premise-android-observation-us/9bad5e3a-8c1b-443c-a38f-beb5e7ad93f4.jpg,https://storage.googleapis.com/prod-premise-android-observation-us/b8bdbd77-2453-4f9e-827f-bbcfc32671e2.jpg,https://storage.googleapis.com/prod-premise-android-observation-us/d41eb1de-a5c8-4bf0-b086-fd340a11d3ec.jpg,https://storage.googleapis.com/prod-premise-android-observation-us/f92ae329-94f3-4301-b44c-b58e91bcfd83.jpg,complete,continue,,,,6.052935177777779,121.00109977777778
"""5630314912153600""","""6244395927994368""","""6716196395155456""","""6501202948784128""","""5897368358617088""",2019-03-19 13:11:20.456000+00:00,"""4929521004314624""",su-ph_cathedral-of-our-lady-of-mount-carmel,,,,,,continue,,,,continue,"6.0530607,121.0008895",https://storage.googleapis.com/prod-premise-android-observation-us/8818d829-b50b-4d42-879e-d8b30a969e82.jpg,https://storage.googleapis.com/prod-premise-android-observation-us/32e706fe-971c-4bb6-92db-99855e0b530e.jpg,https://storage.googleapis.com/prod-premise-android-observation-us/ca75f9cf-67dc-47d7-be8a-02e627796104.jpg,https://storage.googleapis.com/prod-premise-android-observation-us/a44c87fd-8f36-4471-b0bf-49b4cce40485.jpg,complete,continue,,,,6.052620366666666,121.00074527777777
"""5635899855470592""","""6244395927994368""","""6716196395155456""","""6501202948784128""","""5897368358617088""",2019-02-27 10:36:27.812000+00:00,"""4929521004314624""",su-ph_cathedral-of-our-lady-of-mount-carmel,yes,yes,yes,no,i_travel_here_often_but_i_do_not_live_here,,very_confident,not_at_all_confident,i_do_not_know,,"6.0525993,121.0014207",,,https://storage.googleapis.com/prod-premise-android-observation-us/45adb330-e585-487a-a058-0618d086e982.jpg,,complete,continue,bisaya,male,roman_catholic,6.05318098,121.00082597333332
"""5640593247043584""","""6244395927994368""","""6716196395155456""","""6501202948784128""","""5897368358617088""",2019-04-02 15:11:19.266000+00:00,"""4929521004314624""",su-ph_cathedral-of-our-lady-of-mount-carmel,,,,,,continue,,,,continue,"6.0529094,121.0009582",https://storage.googleapis.com/prod-premise-android-observation-us/c13defb9-563c-4637-99e1-0895a5289658.jpg,,https://storage.googleapis.com/prod-premise-android-observation-us/65075e64-3bfe-42ea-8011-e74d38f2684b.jpg,https://storage.googleapis.com/prod-premise-android-observation-us/d2244a11-a04c-4833-a4e4-8680c0f2a510.jpg,complete,continue,,,,6.0528135999999995,121.00084773750001
"""5657597567827968""","""6244395927994368""","""6716196395155456""","""6501202948784128""","""5897368358617088""",2019-03-28 09:59:20.386000+00:00,"""4929521004314624""",su-ph_cathedral-of-our-lady-of-mount-carmel,,,,,,continue,,,,continue,"6.0528,121.0008177",https://storage.googleapis.com/prod-premise-android-observation-us/3eec5ebc-b2cc-4aa3-849f-287440d6f429.jpg,https://storage.googleapis.com/prod-premise-android-observation-us/11b73132-1175-4d5f-92ef-69074c3d9fa5.jpg,https://storage.googleapis.com/prod-premise-android-observation-us/b526b86d-8959-4899-aa11-072d69aa2d2f.jpg,https://storage.googleapis.com/prod-premise-android-observation-us/99e5b6c6-9eb4-430d-8c13-f0be8b2ea977.jpg,complete,continue,,,,6.052731255555556,121.00099099999998
"""5678915612835840""","""5172147687260160""","""6716196395155456""","""6501202948784128""","""5897368358617088""",2019-04-12 10:42:28.512000+00:00,"""4929521004314624""",su-ph_cathedral-of-our-lady-of-mount-carmel,,,,,,continue,,,,continue,"6.0523076,121.000062",https://storage.googleapis.com/prod-premise-android-observation-us/caeb68f8-dd1e-4bf1-8d61-e298b31d93d8.jpg,https://storage.googleapis.com/prod-premise-android-observation-us/fcf209de-fc82-498c-aa47-f062c79404c2.jpg,https://storage.googleapis.com/prod-premise-android-observation-us/099b5ef7-0e34-4920-9a05-0c14cbafcd92.jpg,https://storage.googleapis.com/prod-premise-android-observation-us/29ad5bdd-a500-4a59-9b0a-c83f378d2793.jpg,complete,continue,,,,6.052656033333332,121.00051277777779
"""5741561343115264""","""6094416449110016""","""6716196395155456""","""6501202948784128""","""5897368358617088""",2019-03-19 13:08:31.254000+00:00,"""4929521004314624""",su-ph_cathedral-of-our-lady-of-mount-carmel,,,,,,continue,,,,continue,"6.0532856,121.0017822",https://storage.googleapis.com/prod-premise-android-observation-us/1f9418bf-3ea9-4fc5-83a8-0f3038554c46.jpg,https://storage.googleapis.com/prod-premise-android-observation-us/c0bd2e12-a0f8-4855-a5e7-a86d7c78e267.jpg,https://storage.googleapis.com/prod-premise-android-observation-us/bae7e6a8-bd76-494e-bbf7-3c4424752b28.jpg,https://storage.googleapis.com/prod-premise-android-observation-us/32b4dc10-2928-4eca-9ed6-52485be66908.jpg,complete,continue,,,,6.053158522222223,121.00150248888889
"""5848757695414272""","""6244395927994368""","""6716196395155456""","""6501202948784128""","""5897368358617088""",2019-04-02 17:38:21.903000+00:00,"""4929521004314624""",su-ph_cathedral-of-our-lady-of-mount-carmel,,,,,,continue,,,,continue,"6.0528179,121.0008233",https://storage.googleapis.com/prod-premise-android-observation-us/f2988ff0-c181-48d4-8441-cd917beb2865.jpg,https://storage.googleapis.com/prod-premise-android-observation-us/116d1514-d5ac-4543-be76-b8d78381e16a.jpg,https://storage.googleapis.com/prod-premise-android-observation-us/373aec9d-0b31-4231-a62f-3e83acdd434c.jpg,,complete,continue,,,,6.05278875,121.00099578749999
"""6008155618148352""","""6244395927994368""","""6716196395155456""","""6501202948784128""","""5897368358617088""",2019-02-13 10:23:21.052000+00:00,"""4929521004314624""",su-ph_cathedral-of-our-lady-of-mount-carmel,yes,yes,yes,no,i_travel_here_often_but_i_do_not_live_here,,very_confident,not_at_all_confident,i_do_not_know,,"6.0530321,121.0009315",,,https://storage.googleapis.com/prod-premise-android-observation-us/633da9ab-958d-422e-82a6-5f5a0b721d80.jpg,,complete,continue,bisaya,male,roman_catholic,6.05321056,121.00085392666668
"""6015443035750400""","""6244395927994368""","""6716196395155456""","""6501202948784128""","""5897368358617088""",2019-03-24 19:56:23.858000+00:00,"""4929521004314624""",su-ph_cathedral-of-our-lady-of-mount-carmel,,,,,,continue,,,,continue,"6.0529587,121.0008686",https://storage.googleapis.com/prod-premise-android-observation-us/0d5577d5-7f86-4a38-a3c5-9f898d84f779.jpg,https://storage.googleapis.com/prod-premise-android-observation-us/a15e3a85-4f44-4bfd-a5bc-3aa034f406e5.jpg,https://storage.googleapis.com/prod-premise-android-observation-us/ee1802fa-db38-4d0f-a11c-e2e51e455741.jpg,https://storage.googleapis.com/prod-premise-android-observation-us/93b226fa-cbba-48c8-9757-78104b678925.jpg,complete,continue,,,,6.052651555555555,121.00088924444442
"""6093166911422464""","""6244395927994368""","""6716196395155456""","""6501202948784128""","""5897368358617088""",2019-03-27 10:38:24.167000+00:00,"""4929521004314624""",su-ph_cathedral-of-our-lady-of-mount-carmel,,,,,,continue,,,,continue,"6.0529267,121.0015808",https://storage.googleapis.com/prod-premise-android-observation-us/3af497b2-a215-486e-826f-451b152f1899.jpg,https://storage.googleapis.com/prod-premise-android-observation-us/6890fb26-9a75-4e39-a776-99579f3512e0.jpg,https://storage.googleapis.com/prod-premise-android-observation-us/b0b6b052-e81c-4aab-b1d1-549726496643.jpg,https://storage.googleapis.com/prod-premise-android-observation-us/5b6c83d2-04b9-475c-bbb3-943345674edc.jpg,complete,continue,,,,6.052824911111111,121.0015184222222
"""6122636089229312""","""6244395927994368""","""6716196395155456""","""6501202948784128""","""5897368358617088""",2019-04-30 17:51:24.858000+00:00,"""4929521004314624""",su-ph_cathedral-of-our-lady-of-mount-carmel,,,,,,continue,,,,continue,"6.0527975,121.0010852",https://storage.googleapis.com/prod-premise-android-observation-us/c8fdcd5f-335a-45d0-9908-029cac9760d4.jpg,https://storage.googleapis.com/prod-premise-android-observation-us/d9716408-02f2-406a-a9d4-31543695fef7.jpg,https://storage.googleapis.com/prod-premise-android-observation-us/b51a18e6-a9ab-4d14-80b0-9123b855b62e.jpg,https://storage.googleapis.com/prod-premise-android-observation-us/ca205112-650e-4a13-a977-65e5b53ca2a9.jpg,complete,continue,,,,6.052765566666666,121.00112488888891
"""6188117113438208""","""6244395927994368""","""6716196395155456""","""6501202948784128""","""5897368358617088""",2019-01-31 13:34:19.887000+00:00,"""4929521004314624""",su-ph_cathedral-of-our-lady-of-mount-carmel,yes,no,no,no,i_travel_here_often_but_i_do_not_live_here,,very_confident,somewhat_confident,,,"6.0521381,121.0014054",,,,,complete,continue,,,,6.052093950000001,121.00137138
"""6248184643846144""","""6244395927994368""","""6716196395155456""","""6501202948784128""","""5897368358617088""",2019-04-23 10:05:23.841000+00:00,"""4929521004314624""",su-ph_cathedral-of-our-lady-of-mount-carmel,,,,,,continue,,,,continue,"6.0529206,121.0011478",https://storage.googleapis.com/prod-premise-android-observation-us/1eb9ce48-e67b-46f0-bfe1-dbec717b926c.jpg,https://storage.googleapis.com/prod-premise-android-observation-us/47d8f311-ac69-4fe9-8486-aa6aa6bd262c.jpg,https://storage.googleapis.com/prod-premise-android-observation-us/f085bfe4-77d5-4414-b04b-19664bea024f.jpg,https://storage.googleapis.com/prod-premise-android-observation-us/6652eb9d-0db5-48ad-b104-a4897a55960c.jpg,complete,continue,,,,6.0528816444444455,121.00119865555558
"""6260652014305280""","""6295905139425280""","""6716196395155456""","""6501202948784128""","""5897368358617088""",2019-02-16 12:57:26.787000+00:00,"""4929521004314624""",su-ph_cathedral-of-our-lady-of-mount-carmel,yes,yes,no,yes,i_travel_here_often_but_i_do_not_live_here,,not_confident,not_at_all_confident,,,"6.052661,121.0004411",,,https://storage.googleapis.com/prod-premise-android-observation-us/6460ce24-3d57-483e-8186-3b4d2491f3d7.jpg,,complete,continue,tausug,female,islam,6.053161642857144,121.00085511428571
"""6306989408780288""","""6244395927994368""","""6716196395155456""","""6501202948784128""","""5897368358617088""",2019-03-28 09:59:20.320000+00:00,"""4929521004314624""",su-ph_cathedral-of-our-lady-of-mount-carmel,,,,,,continue,,,,continue,"6.0528381,121.0007548",https://storage.googleapis.com/prod-premise-android-observation-us/71547114-ad82-480c-ba01-31b31efcab42.jpg,https://storage.googleapis.com/prod-premise-android-observation-us/47ff747b-356d-4b54-8686-65244a596b1f.jpg,https://storage.googleapis.com/prod-premise-android-observation-us/e1b77af7-885a-49fc-a709-c0eaac89cfed.jpg,https://storage.googleapis.com/prod-premise-android-observation-us/592c4395-25b3-4670-8b20-f21192d385d8.jpg,complete,continue,,,,6.052831522222222,121.00088526666666
"""6309726460575744""","""6244395927994368""","""6716196395155456""","""6501202948784128""","""5897368358617088""",2019-03-22 09:20:24.837000+00:00,"""4929521004314624""",su-ph_cathedral-of-our-lady-of-mount-carmel,,,,,,continue,,,,continue,"6.053025,121.0009197",https://storage.googleapis.com/prod-premise-android-observation-us/d0acc5a0-8cb5-49fe-b64d-09b7e5a7eb73.jpg,https://storage.googleapis.com/prod-premise-android-observation-us/69b91294-3405-409a-9870-59e88e360b90.jpg,https://storage.googleapis.com/prod-premise-android-observation-us/fcb908cf-9ca2-4909-8729-c55fa2604206.jpg,https://storage.googleapis.com/prod-premise-android-observation-us/ad21031c-363c-408e-8d37-7b0dc08a662f.jpg,complete,continue,,,,6.0529360444444436,121.00108794444444
"""6315913839116288""","""6244395927994368""","""6716196395155456""","""6501202948784128""","""5897368358617088""",2019-04-02 14:08:26.746000+00:00,"""4929521004314624""",su-ph_cathedral-of-our-lady-of-mount-carmel,,,,,,continue,,,,continue,"6.0530515,121.0010853",https://storage.googleapis.com/prod-premise-android-observation-us/379ec8a4-be17-4a7d-92d1-2b34b146c099.jpg,https://storage.googleapis.com/prod-premise-android-observation-us/780b8e3e-a51c-4090-aef1-d3633a825ec8.jpg,https://storage.googleapis.com/prod-premise-android-observation-us/98714d79-07c7-4e97-81bb-de3cf0d45ff3.jpg,https://storage.googleapis.com/prod-premise-android-observation-us/113a5ac8-5354-4d15-8023-8d925ebc6fb5.jpg,complete,continue,,,,6.052845411111111,121.00097803333334
"""6324870966149120""","""6244395927994368""","""6716196395155456""","""6501202948784128""","""5897368358617088""",2019-04-30 17:45:26.933000+00:00,"""4929521004314624""",su-ph_cathedral-of-our-lady-of-mount-carmel,,,,,,continue,,,,continue,"6.0527857,121.0014149",https://storage.googleapis.com/prod-premise-android-observation-us/0360e274-41a6-4b5d-b3c0-e4ecaaa0f789.jpg,https://storage.googleapis.com/prod-premise-android-observation-us/78e62620-0a45-4203-a91b-7913bf97923d.jpg,https://storage.googleapis.com/prod-premise-android-observation-us/dc31569e-9d9a-4a22-8ebb-5270017c63ed.jpg,https://storage.googleapis.com/prod-premise-android-observation-us/2ab2fbf7-5cb2-4f2c-86c1-0bf6a8813127.jpg,complete,continue,,,,6.052695,121.00098918888888
"""6334412431032320""","""6244395927994368""","""6716196395155456""","""6501202948784128""","""5897368358617088""",2019-04-03 13:04:21.657000+00:00,"""4929521004314624""",su-ph_cathedral-of-our-lady-of-mount-carmel,,,,,,continue,,,,continue,"6.0527405,121.0011215",https://storage.googleapis.com/prod-premise-android-observation-us/358dd123-a9a3-4354-87f6-417a1fe2d49b.jpg,https://storage.googleapis.com/prod-premise-android-observation-us/e84b0c44-abb5-4364-bd2d-c86265b970a3.jpg,https://storage.googleapis.com/prod-premise-android-observation-us/4b9ab02f-48ef-4799-b7b0-6c076d3327fd.jpg,https://storage.googleapis.com/prod-premise-android-observation-us/91f82d79-4888-4e3b-930a-085a689f89ee.jpg,complete,continue,,,,6.0527215000000005,121.00113452222223
"""6340570978975744""","""4583232018317312""","""6716196395155456""","""6501202948784128""","""5897368358617088""",2019-02-23 14:49:24.014000+00:00,"""4929521004314624""",su-ph_cathedral-of-our-lady-of-mount-carmel,yes,i_don_t_know,yes,yes,no_i_do_not_often_come_to_jolo,,very_confident,very_confident,i_do_not_know,,"6.0525887,121.0014825",,,https://storage.googleapis.com/prod-premise-android-observation-us/64fae05f-16c2-4b04-b232-1a522952a251.jpg,,complete,continue,bisaya,female,roman_catholic,6.053111826666667,121.00081322000003
"""6394940159426560""","""6490650914586624""","""6716196395155456""","""6501202948784128""","""5897368358617088""",2019-03-09 10:11:23.927000+00:00,"""4929521004314624""",su-ph_cathedral-of-our-lady-of-mount-carmel,yes,yes,no,yes,very_often_i_live_here,continue,not_confident,not_at_all_confident,,continue,"6.0520554,121.0006655",https://storage.googleapis.com/prod-premise-android-observation-us/b6e2a043-5d31-4a58-a54a-2643eab1400b.jpg,https://storage.googleapis.com/prod-premise-android-observation-us/a6bdce8e-065e-4dc2-b509-0d6f4061dc4f.jpg,https://storage.googleapis.com/prod-premise-android-observation-us/ec3407a3-9c73-4203-8943-31f5750ea267.jpg,https://storage.googleapis.com/prod-premise-android-observation-us/901486c7-0e5a-4ae1-9327-cf6ce0775d45.jpg,complete,continue,tausug,male,islam,6.0520738,121.00066785789477
"""6412702881677312""","""6244395927994368""","""6716196395155456""","""6501202948784128""","""5897368358617088""",2019-03-27 10:38:24.104000+00:00,"""4929521004314624""",su-ph_cathedral-of-our-lady-of-mount-carmel,,,,,,continue,,,,continue,"6.0528029,121.0008381",https://storage.googleapis.com/prod-premise-android-observation-us/724fbdc7-a52d-4bc8-8dee-ca255c2d0efe.jpg,https://storage.googleapis.com/prod-premise-android-observation-us/f1fcdf86-617a-4cf0-8820-33f02308079e.jpg,https://storage.googleapis.com/prod-premise-android-observation-us/414c3248-9b89-47d0-995f-50a8b4fefdab.jpg,https://storage.googleapis.com/prod-premise-android-observation-us/f594460b-fb59-4e38-956a-7fa7df82c0c0.jpg,complete,continue,,,,6.052822977777778,121.00105696666668
"""6453040174333952""","""6244395927994368""","""6716196395155456""","""6501202948784128""","""5897368358617088""",2019-03-30 10:23:23.649000+00:00,"""4929521004314624""",su-ph_cathedral-of-our-lady-of-mount-carmel,,,,,,continue,,,,continue,"6.0528783,121.0015376",https://storage.googleapis.com/prod-premise-android-observation-us/9453aaba-b03c-4d46-baa0-5811a10ed669.jpg,https://storage.googleapis.com/prod-premise-android-observation-us/b2ef6958-a3db-450d-b856-5ec2602fc50a.jpg,https://storage.googleapis.com/prod-premise-android-observation-us/1438765d-7636-419a-a5fa-d5a9901b3d25.jpg,https://storage.googleapis.com/prod-premise-android-observation-us/d2ed43ee-beba-4ce9-9724-b9fd37a55f0e.jpg,complete,continue,,,,6.052798744444444,121.00145561111111
"""6454555710586880""","""6244395927994368""","""6716196395155456""","""6501202948784128""","""5897368358617088""",2019-03-22 09:20:25.109000+00:00,"""4929521004314624""",su-ph_cathedral-of-our-lady-of-mount-carmel,,,,,,continue,,,,continue,"6.0529566,121.0009651",https://storage.googleapis.com/prod-premise-android-observation-us/b66f9c15-b337-4c4b-8ac5-e29b898f0bf6.jpg,https://storage.googleapis.com/prod-premise-android-observation-us/15107b0e-6317-4689-bd7a-933990a1f2e2.jpg,https://storage.googleapis.com/prod-premise-android-observation-us/3ed13a23-b7d5-4354-afa1-e6dc8b54b5a0.jpg,https://storage.googleapis.com/prod-premise-android-observation-us/bfd56cd8-ce99-4ef5-acf9-05c3d0ff5ce4.jpg,complete,continue,,,,6.052914377777777,121.00107940000001
"""6471928291262464""","""6244395927994368""","""6716196395155456""","""6501202948784128""","""5897368358617088""",2019-04-04 10:43:23.256000+00:00,"""4929521004314624""",su-ph_cathedral-of-our-lady-of-mount-carmel,,,,,,continue,,,,continue,"6.0528694,121.0007486",https://storage.googleapis.com/prod-premise-android-observation-us/ddd520a7-ec29-4084-8770-c6967b5036c8.jpg,https://storage.googleapis.com/prod-premise-android-observation-us/412fa9b3-1a9d-497d-b001-834ad7b091f1.jpg,https://storage.googleapis.com/prod-premise-android-observation-us/2a0cc093-9dce-4652-9022-593f4c61ebbc.jpg,https://storage.googleapis.com/prod-premise-android-observation-us/ac72fccf-0cc8-4dbc-b3c2-6f3b8fbb2e43.jpg,complete,continue,,,,6.052812277777778,121.00082053333333
"""6472968520597504""","""5928278033432576""","""6716196395155456""","""6501202948784128""","""5897368358617088""",2019-03-27 10:38:24.122000+00:00,"""4929521004314624""",su-ph_cathedral-of-our-lady-of-mount-carmel,,,,,,continue,,,,continue,"6.0527958,121.0004459",https://storage.googleapis.com/prod-premise-android-observation-us/c471cbbb-b2c1-4654-bedf-0ae5857b9a93.jpg,https://storage.googleapis.com/prod-premise-android-observation-us/4214775c-0069-4bdd-8429-0df6b6f158ef.jpg,https://storage.googleapis.com/prod-premise-android-observation-us/ff043be1-cf1c-4146-aff5-2e907f3f005f.jpg,https://storage.googleapis.com/prod-premise-android-observation-us/64d23626-1ffa-46cc-9bc9-65a723981487.jpg,complete,continue,,,,6.052890655555555,121.0008863888889
"""6484413304012800""","""6244395927994368""","""6716196395155456""","""6501202948784128""","""5897368358617088""",2019-03-19 00:20:23.118000+00:00,"""4929521004314624""",su-ph_cathedral-of-our-lady-of-mount-carmel,,,,,,continue,,,,continue,"6.0527365,121.0014286",,https://storage.googleapis.com/prod-premise-android-observation-us/c173f982-ef2d-47d4-8f0f-9481e9c4f86e.jpg,https://storage.googleapis.com/prod-premise-android-observation-us/e8ec48a1-da45-4d4a-8df9-6c81f44c7af5.jpg,https://storage.googleapis.com/prod-premise-android-observation-us/49de9805-b44e-4bb7-992f-cacd2c94c6c4.jpg,complete,continue,,,,6.052858,121.0010097125
"""6506090886856704""","""6244395927994368""","""6716196395155456""","""6501202948784128""","""5897368358617088""",2019-04-17 11:01:24.048000+00:00,"""4929521004314624""",su-ph_cathedral-of-our-lady-of-mount-carmel,,,,,,continue,,,,continue,"6.0527306,121.0010433",https://storage.googleapis.com/prod-premise-android-observation-us/8a96a316-ec2f-42df-9d5f-7e05a19654fa.jpg,https://storage.googleapis.com/prod-premise-android-observation-us/04298a03-574f-4cba-a7c1-3c02fecf3acf.jpg,https://storage.googleapis.com/prod-premise-android-observation-us/5729fd59-fddb-4a65-9a4d-503d98b02b79.jpg,https://storage.googleapis.com/prod-premise-android-observation-us/25723b2c-eda1-4311-aea9-01d8dab73164.jpg,complete,continue,,,,6.05261611111111,121.00089174444444
"""6515333331419136""","""6244395927994368""","""6716196395155456""","""6501202948784128""","""5897368358617088""",2019-03-30 10:23:23.521000+00:00,"""4929521004314624""",su-ph_cathedral-of-our-lady-of-mount-carmel,,,,,,continue,,,,continue,"6.0528678,121.0008496",https://storage.googleapis.com/prod-premise-android-observation-us/6509639f-b03a-4eff-bbf7-58fe04bfbc9d.jpg,https://storage.googleapis.com/prod-premise-android-observation-us/38f04462-1738-43ed-b6da-a77b0de19448.jpg,https://storage.googleapis.com/prod-premise-android-observation-us/7b72faf3-a2d9-437b-a408-6a1b32f29c94.jpg,https://storage.googleapis.com/prod-premise-android-observation-us/36f66405-1023-4133-8bb6-b5087a4df748.jpg,complete,continue,,,,6.0527591888888885,121.00097156666665
"""6549927392968704""","""6244395927994368""","""6716196395155456""","""6501202948784128""","""5897368358617088""",2019-03-19 00:20:23.684000+00:00,"""4929521004314624""",su-ph_cathedral-of-our-lady-of-mount-carmel,,,,,,continue,,,,continue,"6.0531118,121.001037",https://storage.googleapis.com/prod-premise-android-observation-us/f471d114-a612-4b28-b6e7-d52f8fe496e8.jpg,https://storage.googleapis.com/prod-premise-android-observation-us/9311550e-a062-4e3e-8436-1864982f03c8.jpg,https://storage.googleapis.com/prod-premise-android-observation-us/e92a1a92-5034-4f08-92c2-7857d1c34a39.jpg,https://storage.googleapis.com/prod-premise-android-observation-us/ed2eaf92-d7a3-4541-b429-69ba007b1e96.jpg,complete,continue,,,,6.052702611111112,121.00092263333333
"""6574747870560256""","""6244395927994368""","""6716196395155456""","""6501202948784128""","""5897368358617088""",2019-03-30 10:23:23.453000+00:00,"""4929521004314624""",su-ph_cathedral-of-our-lady-of-mount-carmel,,,,,,continue,,,,continue,"6.0528746,121.0009166",https://storage.googleapis.com/prod-premise-android-observation-us/01d3bd74-cb11-4561-bf56-32a5376171b7.jpg,https://storage.googleapis.com/prod-premise-android-observation-us/72adee50-cfd4-4fb0-9fd7-bf8b2945acef.jpg,https://storage.googleapis.com/prod-premise-android-observation-us/723f1976-e0cd-4dca-878b-cf4232d8ea14.jpg,https://storage.googleapis.com/prod-premise-android-observation-us/b165f8af-8da8-4072-885e-2b41a38a7c3d.jpg,complete,continue,,,,6.052602233333333,121.00079775555557
"""6578532422516736""","""6244395927994368""","""6716196395155456""","""6501202948784128""","""5897368358617088""",2019-04-15 15:43:28.815000+00:00,"""4929521004314624""",su-ph_cathedral-of-our-lady-of-mount-carmel,,,,,,continue,,,,continue,"6.0527931,121.0011288",https://storage.googleapis.com/prod-premise-android-observation-us/0e8e3ae1-e933-4a05-9a4a-62022b92ebe8.jpg,https://storage.googleapis.com/prod-premise-android-observation-us/133948a8-a4a3-48ba-a5f3-1cfd1690f623.jpg,https://storage.googleapis.com/prod-premise-android-observation-us/eaaf337c-35b2-4db0-98ea-127969f59df7.jpg,https://storage.googleapis.com/prod-premise-android-observation-us/1b5b0202-0894-46ca-9fe9-26ad2bb1f5cf.jpg,complete,continue,,,,6.05269,121.00097650000001
"""6623628121604096""","""6244395927994368""","""6716196395155456""","""6501202948784128""","""5897368358617088""",2019-03-24 19:59:19.498000+00:00,"""4929521004314624""",su-ph_cathedral-of-our-lady-of-mount-carmel,,,,,,continue,,,,continue,"6.0529434,121.0016682",https://storage.googleapis.com/prod-premise-android-observation-us/44ebfcb6-ae7f-4d9c-8898-b4f1cdd323f3.jpg,https://storage.googleapis.com/prod-premise-android-observation-us/2133370d-0a4c-40e9-aba1-b2662327ede3.jpg,https://storage.googleapis.com/prod-premise-android-observation-us/fd934bb9-c9f0-447f-bfcf-1bfff98e1595.jpg,https://storage.googleapis.com/prod-premise-android-observation-us/4b4ec34f-a39d-487c-8439-ac92ac13a246.jpg,complete,continue,,,,6.052811133333334,121.0015847
"""6632470603628544""","""6244395927994368""","""6716196395155456""","""6501202948784128""","""5897368358617088""",2019-03-24 19:56:25.326000+00:00,"""4929521004314624""",su-ph_cathedral-of-our-lady-of-mount-carmel,,,,,,continue,,,,continue,"6.0530428,121.0009289",https://storage.googleapis.com/prod-premise-android-observation-us/5880c0c3-7623-4f91-aa4d-2c79f95d615d.jpg,https://storage.googleapis.com/prod-premise-android-observation-us/0544c29e-dad2-4d5a-8e07-ce6339929013.jpg,https://storage.googleapis.com/prod-premise-android-observation-us/38e2ea4c-3b38-491e-93f6-76e86bc607fa.jpg,https://storage.googleapis.com/prod-premise-android-observation-us/864f3e10-b16a-485e-9bad-c7e37fddeec9.jpg,complete,continue,,,,6.052819944444445,121.00072631111112
"""6632508528525312""","""6244395927994368""","""6716196395155456""","""6501202948784128""","""5897368358617088""",2019-04-03 13:55:21.656000+00:00,"""4929521004314624""",su-ph_cathedral-of-our-lady-of-mount-carmel,,,,,,continue,,,,continue,"6.052656,121.001019",https://storage.googleapis.com/prod-premise-android-observation-us/8921755f-f875-4a39-b6fc-29ccc454de71.jpg,https://storage.googleapis.com/prod-premise-android-observation-us/a7110b3d-01b0-404a-a84a-4eaac0887e23.jpg,https://storage.googleapis.com/prod-premise-android-observation-us/6e923489-a6cc-4001-8b52-2fc380196464.jpg,https://storage.googleapis.com/prod-premise-android-observation-us/8b9489f2-13f8-4817-a397-25ab140f4c3f.jpg,complete,continue,,,,6.0526881,121.00103784444443
"""6633921014923264""","""6244395927994368""","""6716196395155456""","""6501202948784128""","""5897368358617088""",2019-03-13 11:41:19.614000+00:00,"""4929521004314624""",su-ph_cathedral-of-our-lady-of-mount-carmel,,,,,,continue,,,,continue,"6.0529687,121.0009388",https://storage.googleapis.com/prod-premise-android-observation-us/0f4bd668-46a6-429f-8f8f-fee98994cb41.jpg,https://storage.googleapis.com/prod-premise-android-observation-us/9c3813d2-22e5-4256-ad19-02a0078346f6.jpg,,https://storage.googleapis.com/prod-premise-android-observation-us/24d39ab2-dfb7-4724-a4fc-eb4ebe33e295.jpg,complete,continue,,,,6.05292025,121.00106471250001
"""6637281889746944""","""6244395927994368""","""6716196395155456""","""6501202948784128""","""5897368358617088""",2019-03-26 09:38:23.432000+00:00,"""4929521004314624""",su-ph_cathedral-of-our-lady-of-mount-carmel,,,,,,continue,,,,continue,"6.0528671,121.000802",,https://storage.googleapis.com/prod-premise-android-observation-us/4f8dc89d-ff77-4bee-9454-85d303541d63.jpg,,,complete,continue,,,,6.052866949999999,121.00093116666666
"""6721231203074048""","""6244395927994368""","""6716196395155456""","""6501202948784128""","""5897368358617088""",2019-03-21 12:50:23.564000+00:00,"""4929521004314624""",su-ph_cathedral-of-our-lady-of-mount-carmel,,,,,,continue,,,,continue,"6.0528114,121.00156",https://storage.googleapis.com/prod-premise-android-observation-us/3a30d8e1-604a-46ad-9f64-2bdae2f108fc.jpg,https://storage.googleapis.com/prod-premise-android-observation-us/c5d789ec-ea67-4161-a6bd-3231b5c4b85b.jpg,https://storage.googleapis.com/prod-premise-android-observation-us/5dc6d262-5848-486d-aa8b-ac7c90860b14.jpg,https://storage.googleapis.com/prod-premise-android-observation-us/707afb24-5dd0-4277-bca5-92d1fcfe20ca.jpg,complete,continue,,,,6.052800277777777,121.00105605555557
