sub_id,user_id,form_id,task_id,project_id,modified,campaign_id,campaign_name,are_there_any_foreign_languages_present_at_this_business,do_you_know_what_country_this_foreign_business_comes_from,does_this_business_employ_foreign_workers,does_your_community_typically_have_a_positive_perception_of_foreign_businesses,first_record_your_location__1,has_the_number_of_foreign_businesses_in_your_community_increased_decreased_or_stayed_the_same_since_may_2017,how_do_you_know_that_this_is_a_foreign_owned_business,if_other_how_do_you_know_that_this_is_a_foreign_owned_business,if_other_what_country_does_this_business_come_from,if_other_what_country_s_businesses_do_you_have_a_mostly_negative_perception_of,if_other_what_country_s_businesses_do_you_have_a_mostly_positive_perception_of,if_other_what_type_of_business_is_this,if_other_which_other_foreign_language_s_are_present_at_this_business,in_your_community_which_countries_are_most_foreign_businesses_from,please_select_all_the_countries_whose_businesses_you_have_a_mostly_negative_perception_of,please_select_all_the_countries_whose_businesses_you_have_a_mostly_positive_perception_of,please_take_a_photo_of_the_clearly_foreign_product,please_take_a_photo_of_the_outside_of_the_foreign_business,please_take_a_photo_of_the_sign_displaying_a_foreign_language,this_task_will_ask_you_to_locate_a_foreign_owned_business_in_your_community,what_country_does_this_business_come_from,what_type_of_business_is_this,which_foreign_languages_are_present_at_this_business,lat,lon
"""4510664155463680""","""5842245116755968""","""4681035064279040""","""6191255506649088""","""5897368358617088""",2019-05-16 11:12:43.583000+00:00,"""6324786039881728""",mg-ph_foreign-businesses-in-your-community,yes,yes,yes,yes,"7.0563103,124.6779608",increased,the_products_being_sold_are_clearly_foreign,,malaysia,,,branch agent,english,china,china,"malaysia,china",https://storage.googleapis.com/prod-premise-android-observation-us/e28be93b-1309-44e2-877d-dfcf4efc30e0.jpg,https://storage.googleapis.com/prod-premise-android-observation-us/f66af095-28dc-44f9-8761-36d75e572e75.jpg,,continue,malaysia,other,other,7.056282315789474,124.67793001052632
"""4514644164083712""","""6636626408112128""","""4681035064279040""","""6191255506649088""","""5897368358617088""",2019-05-16 11:12:44.127000+00:00,"""6324786039881728""",mg-ph_foreign-businesses-in-your-community,no,yes,no,yes,"7.1972388,124.5373723",increased,i_am_familiar_with_the_owner,,ja,,,,,china,"russia,china","korea,usa,japan",,https://storage.googleapis.com/prod-premise-android-observation-us/ab42466e-9c6d-47f5-9aa9-766e3fac2f36.jpg,,continue,china,grocery_store,,7.19718586,124.53746701999998
"""4522507427119104""","""6558872016781312""","""4681035064279040""","""6700672870252544""","""5897368358617088""",2019-05-05 13:09:20.661000+00:00,"""5375214757085184""",southern-ph_foreign-businesses-in-your-community,yes,no,no,sometimes,"7.7803962,122.5842206",increased,other,Jollibee fast-food,Philippines,,,fast-food,,china,china,"korea,china",,https://storage.googleapis.com/prod-premise-android-observation-us/fc4c9d21-1ca8-4dbd-95a8-a8164abd072e.jpg,,continue,malaysia,other,chinese,7.780395066666666,122.58422107777776
"""4559745263337472""","""6367915153555456""","""4681035064279040""","""6700672870252544""","""5897368358617088""",2019-05-05 13:09:20.927000+00:00,"""5375214757085184""",southern-ph_foreign-businesses-in-your-community,yes,no,no,yes,"10.4567033,122.8247622",increased,there_are_signs_in_foreign_languages,,philippines,,,mdical,english,china,"india,malaysia","usa,japan,china",,https://storage.googleapis.com/prod-premise-android-observation-us/0020ba5e-2d92-4c0f-a752-26bf69825852.jpg,https://storage.googleapis.com/prod-premise-android-observation-us/da9c3d99-d25f-45ff-aec2-fddd20f92297.jpg,continue,other,other,other,10.456704531578946,122.82474768421054
"""4595696639410176""","""6617740130385920""","""4681035064279040""","""6191255506649088""","""5897368358617088""",2019-05-16 11:12:45.398000+00:00,"""6324786039881728""",mg-ph_foreign-businesses-in-your-community,yes,no,yes,yes,"7.216022,124.2461757",increased,there_are_signs_in_foreign_languages,,USA,,,,,"korea,japan,russia,china","russia,usa,korea,indonesia,china","malaysia,korea,usa,indonesia,china",,https://storage.googleapis.com/prod-premise-android-observation-us/1b6dc810-2fe7-464f-9421-8447a1f188f1.jpg,https://storage.googleapis.com/prod-premise-android-observation-us/402133f9-a9da-4316-a8d9-4f14d931c6cc.jpg,continue,china,i_m_not_sure,"malay,chinese,japanese,korean",7.216021188235295,124.24617355882353
"""4605515270193152""","""6439536693346304""","""4681035064279040""","""6191255506649088""","""5897368358617088""",2019-05-16 11:12:44.564000+00:00,"""6324786039881728""",mg-ph_foreign-businesses-in-your-community,yes,no,no,yes,"7.2238924,124.247669",stayed_the_same,i_am_familiar_with_the_owner,,USA,,,Remittance,Saudi Arabiq,usa,china,china,,https://storage.googleapis.com/prod-premise-android-observation-us/765c4721-e517-494a-85a4-456f6f082405.jpg,,continue,usa,other,other,7.223802288888887,124.24772120000002
"""4607394637152256""","""6039601795825664""","""4681035064279040""","""6700672870252544""","""5897368358617088""",2019-05-05 13:09:20.992000+00:00,"""5375214757085184""",southern-ph_foreign-businesses-in-your-community,yes,yes,yes,yes,"10.3355645,123.945131",increased,other,Radio wealth finance chinese bussiness,"China, ",,,"Loans,  and bank finance",,china,"none_of_the_above,china",china,,https://storage.googleapis.com/prod-premise-android-observation-us/0b294915-5e1b-4ee5-8b58-5f518bb31282.jpg,,continue,china,other,chinese,10.335608244444446,123.94511269444443
"""4609019124645888""","""5931088016834560""","""4681035064279040""","""4750674301550592""","""5897368358617088""",2019-05-16 11:12:39.683000+00:00,"""4679033307529216""",su_foreign-businesses-in-your-community,no,yes,no,yes,"6.706265,121.9710504",increased,i_am_familiar_with_the_owner,,china,,,,,china,none_of_the_above,china,,https://storage.googleapis.com/prod-premise-android-observation-us/714d2116-48dc-4640-805e-562bd8a4cf97.jpg,,continue,china,restaurant,,6.70624716,121.97102394
"""4621348449026048""","""6501964570427392""","""4681035064279040""","""5462052687577088""","""5897368358617088""",2019-05-05 13:09:23.672000+00:00,"""6055342289977344""",ii-ph_foreign-businesses-in-your-community,no,yes,no,yes,"10.715509,122.5513128",increased,"i_am_familiar_with_the_owner,the_products_being_sold_are_clearly_foreign",,japan,,,gadgets,,china,none_of_the_above,"usa,japan,china",https://storage.googleapis.com/prod-premise-android-observation-us/1517ba6d-110f-480c-bcf9-d0472d038685.jpg,https://storage.googleapis.com/prod-premise-android-observation-us/b4f72183-3f0b-4fcf-8e01-b1fd8a853565.jpg,,continue,china,other,,10.715525147058823,122.55133357647058
"""4646491019804672""","""5834012298838016""","""4681035064279040""","""6191255506649088""","""5897368358617088""",2019-05-16 11:12:44.327000+00:00,"""6324786039881728""",mg-ph_foreign-businesses-in-your-community,no,no,no,sometimes,"7.1917575,124.5347161",increased,other,korean ,korea,,,,,china,russia,china,,https://storage.googleapis.com/prod-premise-android-observation-us/bdfa2f23-eaec-49fc-b41e-19d40e9a9aad.jpg,,continue,other,i_m_not_sure,,7.191232668749999,124.53411888124998
"""4652726809001984""","""5790232984158208""","""4681035064279040""","""6700672870252544""","""5897368358617088""",2019-05-05 13:09:21.062000+00:00,"""5375214757085184""",southern-ph_foreign-businesses-in-your-community,no,yes,i_m_not_sure,yes,"8.9439645,125.502182",stayed_the_same,i_am_familiar_with_the_owner,,chinese,,japanese and indians,,,"other,china",none_of_the_above,"other,china",,https://storage.googleapis.com/prod-premise-android-observation-us/90402055-6000-4175-9366-ca00fee67552.jpg,,continue,china,pharmacy,,8.944026406250002,125.50212005
"""4690052289396736""","""6096795821146112""","""4681035064279040""","""6674130576343040""","""5897368358617088""",2019-05-06 09:03:20.213000+00:00,"""6421587891847168""",dv-ph_foreign-businesses-in-your-community,no,yes,no,sometimes,"7.1087237,125.6137766",stayed_the_same,i_am_familiar_with_the_owner,,america,,korea,,,"usa,korea,china,japan,india",china,"usa,other,japan",,https://storage.googleapis.com/prod-premise-android-observation-us/49b66844-b91d-42aa-813b-c22b58e16af7.jpg,,continue,china,convenience_store,,7.1093646,125.61529209999999
"""4690912222380032""","""5876463133786112""","""4681035064279040""","""6191255506649088""","""5897368358617088""",2019-05-16 11:12:43.155000+00:00,"""6324786039881728""",mg-ph_foreign-businesses-in-your-community,yes,yes,yes,sometimes,"7.2248318,124.2450237",increased,i_am_familiar_with_the_owner,,Pakistan,Pakistan,,Pawnshop,Malaysian,"indonesia,china,malaysia","other,indonesia,malaysia",china,,https://storage.googleapis.com/prod-premise-android-observation-us/1d380dcf-4318-4c5a-a3d8-0c9c5afefeb3.jpg,,continue,malaysia,other,"malay,indonesian,other",7.224886073684213,124.24499029473684
"""4698681717555200""","""6494504669413376""","""4681035064279040""","""6674130576343040""","""5897368358617088""",2019-05-16 11:18:48.511000+00:00,"""6421587891847168""",dv-ph_foreign-businesses-in-your-community,no,yes,no,yes,"7.0651166,125.6150288",increased,i_am_familiar_with_the_owner,,america,,canada,car parts,,"usa,china,japan","russia,india","usa,korea,other,china,japan",,https://storage.googleapis.com/prod-premise-android-observation-us/d5b9b226-b98e-4b21-ade5-5661fe86ac6d.jpg,,continue,usa,other,,7.065161070588235,125.61492662352941
"""4719734976151552""","""5780886834380800""","""4681035064279040""","""6674130576343040""","""5897368358617088""",2019-05-16 11:18:53.975000+00:00,"""6421587891847168""",dv-ph_foreign-businesses-in-your-community,yes,yes,yes,yes,"7.1024656,125.6329596",increased,"there_are_signs_in_foreign_languages,the_products_being_sold_are_clearly_foreign",,korea,,,,,"korea,china",none_of_the_above,"usa,korea,china,japan",https://storage.googleapis.com/prod-premise-android-observation-us/88a7df2f-f93f-4c2a-8a31-fa35a6038197.jpg,https://storage.googleapis.com/prod-premise-android-observation-us/5d3b51b1-8b69-4baa-abea-79bc36b4c3c8.jpg,https://storage.googleapis.com/prod-premise-android-observation-us/f3242313-7b4c-4a65-9f64-e479beecb903.jpg,continue,korea,restaurant,korean,7.102475083333335,125.63299369444445
"""4719931500265472""","""6656096438583296""","""4681035064279040""","""5462052687577088""","""5897368358617088""",2019-06-05 17:37:39.707000+00:00,"""6055342289977344""",ii-ph_foreign-businesses-in-your-community,no,no,no,yes,"10.7743412,122.5422425",increased,there_are_signs_in_foreign_languages,,china,,,,,korea,korea,korea,,https://storage.googleapis.com/prod-premise-android-observation-us/b1a6ad9e-5113-4eb5-a1be-f54c29a32c90.jpg,https://storage.googleapis.com/prod-premise-android-observation-us/83cc8016-a1ea-45ba-bd4e-51453e905130.jpg,continue,usa,grocery_store,,10.774306431249999,122.54228263749998
"""4728138314547200""","""5965180975448064""","""4681035064279040""","""4750674301550592""","""5897368358617088""",2019-05-16 11:12:37.757000+00:00,"""4679033307529216""",su_foreign-businesses-in-your-community,yes,yes,yes,yes,"6.9046762,122.0765711",increased,there_are_signs_in_foreign_languages,,CHINA,,,OPPO,English,"usa,china",china,china,,https://storage.googleapis.com/prod-premise-android-observation-us/258fb04f-4cb7-48ca-8ee5-733dfb261ba8.jpg,https://storage.googleapis.com/prod-premise-android-observation-us/c0dfcc1f-ee44-47a4-b98b-ef48a0b7645c.jpg,continue,usa,other,other,6.9044452,122.0764732526316
"""4749767568523264""","""6015695735226368""","""4681035064279040""","""6700672870252544""","""5897368358617088""",2019-05-06 08:57:22.193000+00:00,"""5375214757085184""",southern-ph_foreign-businesses-in-your-community,no,yes,no,yes,"10.900847,123.0706494",stayed_the_same,i_am_familiar_with_the_owner,,Texas,,,,,"usa,korea,china,japan",china,"korea,china,japan",,https://storage.googleapis.com/prod-premise-android-observation-us/251e4873-20af-45c9-ad19-b18b2678f3b2.jpg,,continue,usa,convenience_store,,10.900937266666668,123.07048821333333
"""4751628145000448""","""5861695560876032""","""4681035064279040""","""4750674301550592""","""5897368358617088""",2019-05-16 11:12:40.233000+00:00,"""4679033307529216""",su_foreign-businesses-in-your-community,yes,yes,i_m_not_sure,yes,"6.9588588,122.1478945",increased,"i_am_familiar_with_the_owner,there_are_signs_in_foreign_languages,the_products_being_sold_are_clearly_foreign",,Korea,,,,EEnglish,"japan,korea,usa,china",china,"korea,usa",https://storage.googleapis.com/prod-premise-android-observation-us/cdd8f0f8-36ed-499a-9c08-e026ef8e78e4.jpg,https://storage.googleapis.com/prod-premise-android-observation-us/0855ae2e-d513-4bad-a4f2-2d50e2228f97.jpg,https://storage.googleapis.com/prod-premise-android-observation-us/3579bfaa-6284-4cd8-b8e4-90cb4f71593e.jpg,continue,usa,restaurant,"korean,other",6.958919436842106,122.14789730526316
"""4754938876919808""","""5138153986850816""","""4681035064279040""","""4750674301550592""","""5897368358617088""",2019-05-16 11:12:39.379000+00:00,"""4679033307529216""",su_foreign-businesses-in-your-community,yes,yes,yes,yes,"6.9068083,122.0764533",increased,the_products_being_sold_are_clearly_foreign,,China,,,,,china,india,"usa,japan,china",https://storage.googleapis.com/prod-premise-android-observation-us/bea00cd6-74f3-4459-9f06-fbbb385f70e8.jpg,https://storage.googleapis.com/prod-premise-android-observation-us/f068ba26-e1bd-49ec-ab03-ac17fad5b658.jpg,,continue,china,clothing_store,chinese,6.906802323529413,122.07632359411764
"""4759581065478144""","""6239440291758080""","""4681035064279040""","""4750674301550592""","""5897368358617088""",2019-05-16 11:12:38.406000+00:00,"""4679033307529216""",su_foreign-businesses-in-your-community,no,yes,yes,sometimes,"6.0543957,121.0007641",stayed_the_same,the_products_being_sold_are_clearly_foreign,,China,,,Hardware,,china,china,china,https://storage.googleapis.com/prod-premise-android-observation-us/909bc54d-2abc-4cde-b9c5-71f1f545ee6f.jpg,https://storage.googleapis.com/prod-premise-android-observation-us/4beebd36-3b02-4ad9-ba0c-5b9d807ab9f8.jpg,,continue,china,other,,6.054463870588234,121.00071172941176
"""4791784898035712""","""6702463610519552""","""4681035064279040""","""6191255506649088""","""5897368358617088""",2019-05-06 08:54:22.252000+00:00,"""6324786039881728""",mg-ph_foreign-businesses-in-your-community,yes,yes,no,yes,"7.2223973,124.2513662",increased,i_am_familiar_with_the_owner,,china,,,Animals feeds,,china,usa,"india,japan,china",,https://storage.googleapis.com/prod-premise-android-observation-us/f9116269-fe75-4d8d-9ce0-ea23650e6322.jpg,,continue,china,other,chinese,7.222544688235293,124.25147001764702
"""4796992612990976""","""6722830203879424""","""4681035064279040""","""5462052687577088""","""5897368358617088""",2019-05-06 09:06:28.290000+00:00,"""6055342289977344""",ii-ph_foreign-businesses-in-your-community,no,yes,i_m_not_sure,yes,"11.1082255,122.6403744",increased,i_am_familiar_with_the_owner,,not applicable,,,,,korea,china,"usa,korea,india",,https://storage.googleapis.com/prod-premise-android-observation-us/77b1bab4-4e0f-4ad7-8a57-1558955c9ac3.jpg,,continue,korea,grocery_store,,11.107462366666669,122.64106342666666
"""4827108336467968""","""6471795521617920""","""4681035064279040""","""5462052687577088""","""5897368358617088""",2019-05-16 11:21:28.478000+00:00,"""6055342289977344""",ii-ph_foreign-businesses-in-your-community,yes,yes,no,yes,"10.6957588,122.5668994",stayed_the_same,"there_are_signs_in_foreign_languages,the_products_being_sold_are_clearly_foreign",,China,,,,,"korea,japan,china",china,"korea,usa,japan",https://storage.googleapis.com/prod-premise-android-observation-us/c72a41c9-9389-4cc2-b944-1ac39dc920d1.jpg,https://storage.googleapis.com/prod-premise-android-observation-us/4b813b07-ec70-45fc-b5a2-5037a8a197ef.jpg,https://storage.googleapis.com/prod-premise-android-observation-us/68d428f8-e1fc-49ef-af17-e02d0a699531.jpg,continue,korea,i_m_not_sure,korean,10.692756833333332,122.54690988333333
"""4834610759335936""","""5140292099375104""","""4681035064279040""","""6700672870252544""","""5897368358617088""",2019-06-05 17:52:27.616000+00:00,"""5375214757085184""",southern-ph_foreign-businesses-in-your-community,no,no,no,yes,"10.2741997,122.8518834",increased,the_products_being_sold_are_clearly_foreign,,korea,,,,,"korea,china",china,"korea,usa,japan",https://storage.googleapis.com/prod-premise-android-observation-us/0d261d19-0b46-4286-9bf9-9448fc90aca9.jpg,https://storage.googleapis.com/prod-premise-android-observation-us/758d0f85-503d-4552-b856-9ea27b6e48b3.jpg,,continue,china,convenience_store,,10.276247668749999,122.85248094375
"""4850874856767488""","""5881053725065216""","""4681035064279040""","""6700672870252544""","""5897368358617088""",2019-05-05 13:09:21.115000+00:00,"""5375214757085184""",southern-ph_foreign-businesses-in-your-community,yes,no,no,sometimes,"9.5145799,123.1580381",increased,i_am_familiar_with_the_owner,,china,,,,,korea,"usa,korea,china,japan","korea,usa,china,japan",,https://storage.googleapis.com/prod-premise-android-observation-us/1db7a7ae-af2e-4e9d-830b-7c5df3c622fb.jpg,,continue,china,clothing_store,korean,9.5128113375,123.15911045000001
"""4872764761571328""","""6510396313698304""","""4681035064279040""","""6700672870252544""","""5897368358617088""",2019-05-06 08:57:20.447000+00:00,"""5375214757085184""",southern-ph_foreign-businesses-in-your-community,yes,yes,yes,yes,"10.3238174,123.9820009",increased,i_am_familiar_with_the_owner,,france,,,electronic manufacturer,french and english,korea,china,japan,,https://storage.googleapis.com/prod-premise-android-observation-us/de981d71-3153-41b9-8281-a6182f2146f4.jpg,,continue,other,other,other,10.32381582222222,123.98200426111111
"""4879765390491648""","""4806667804868608""","""4681035064279040""","""6191255506649088""","""5897368358617088""",2019-05-16 11:12:45.091000+00:00,"""6324786039881728""",mg-ph_foreign-businesses-in-your-community,no,yes,no,yes,"7.2226151,124.251301",increased,other,known chinesse,china,,,hardware,,china,russia,usa,,https://storage.googleapis.com/prod-premise-android-observation-us/375b2704-159d-4793-87d8-2b1644d74261.jpg,,continue,china,other,,7.222760211764707,124.25107018235292
"""4950115209969664""","""5847660826198016""","""4681035064279040""","""6700672870252544""","""5897368358617088""",2019-05-06 08:57:21.453000+00:00,"""5375214757085184""",southern-ph_foreign-businesses-in-your-community,yes,no,no,yes,"10.8011548,122.9769886",increased,there_are_signs_in_foreign_languages,,i dont know,,,,english,"usa,china",china,usa,,https://storage.googleapis.com/prod-premise-android-observation-us/95cd2c87-eeff-4c18-a07e-011062c59eb6.jpg,https://storage.googleapis.com/prod-premise-android-observation-us/5cd4801d-619d-41ac-926c-cf3d6c098cbf.jpg,continue,usa,restaurant,other,10.801214844444443,122.97700653333332
"""4963587683516416""","""6314938077282304""","""4681035064279040""","""6700672870252544""","""5897368358617088""",2019-05-06 08:57:22.244000+00:00,"""5375214757085184""",southern-ph_foreign-businesses-in-your-community,no,yes,no,yes,"8.2288455,124.2384692",increased,other,i'm an employee before,china,,,,,"korea,china,japan","korea,china","usa,japan",,https://storage.googleapis.com/prod-premise-android-observation-us/d8ad14c8-a9aa-4303-856c-fd2624103f30.jpg,,continue,korea,clothing_store,,8.228845412500002,124.23846915624998
"""4964208876716032""","""6664239879028736""","""4681035064279040""","""6700672870252544""","""5897368358617088""",2019-05-16 11:15:32.274000+00:00,"""5375214757085184""",southern-ph_foreign-businesses-in-your-community,no,no,i_m_not_sure,yes,"10.3187707,123.9192976",increased,the_products_being_sold_are_clearly_foreign,,na,,,bpo,,usa,none_of_the_above,usa,https://storage.googleapis.com/prod-premise-android-observation-us/c122fdaa-4b1c-4637-b129-2db88ae187c5.jpg,https://storage.googleapis.com/prod-premise-android-observation-us/8afa876e-0a36-4f0d-bdd8-f3df7b57d9ee.jpg,,continue,usa,other,,10.318763329411764,123.91932473529414
"""5006567622574080""","""5396042092642304""","""4681035064279040""","""5462052687577088""","""5897368358617088""",2019-05-06 09:06:27.723000+00:00,"""6055342289977344""",ii-ph_foreign-businesses-in-your-community,no,no,no,no,"10.6880917,122.517518",increased,i_am_familiar_with_the_owner,,philippines,,,,,china,china,china,,https://storage.googleapis.com/prod-premise-android-observation-us/b157f85a-7f30-4e12-9331-6b0af91c939f.jpg,,continue,other,grocery_store,,10.688052399999998,122.51775399333334
"""5007851683577856""","""6608798512840704""","""4681035064279040""","""6674130576343040""","""5897368358617088""",2019-05-05 13:06:23.514000+00:00,"""6421587891847168""",dv-ph_foreign-businesses-in-your-community,yes,yes,yes,yes,"7.0526851,125.5509888",increased,i_am_familiar_with_the_owner,,china,,,,,japan,"korea,japan,china","korea,japan,china",,https://storage.googleapis.com/prod-premise-android-observation-us/032d325e-65d2-4ead-bf2a-a60f9e2e8c55.jpg,,continue,china,grocery_store,japanese,7.052708475000001,125.55088681249998
"""5060571899625472""","""6747992952406016""","""4681035064279040""","""4750674301550592""","""5897368358617088""",2019-05-24 23:24:22.716000+00:00,"""4679033307529216""",su_foreign-businesses-in-your-community,yes,yes,no,yes,"6.9590432,121.9498722",increased,i_am_familiar_with_the_owner,,china,,,,,"usa,japan,china",russia,"usa,china",,https://storage.googleapis.com/prod-premise-android-observation-us/9bff6620-8ed0-444f-87df-e7af681833dc.jpg,,continue,china,convenience_store,chinese,6.959020537499999,121.94986694375002
"""5077954676654080""","""6013630449451008""","""4681035064279040""","""6674130576343040""","""5897368358617088""",2019-05-06 09:03:20.661000+00:00,"""6421587891847168""",dv-ph_foreign-businesses-in-your-community,no,yes,no,yes,"7.0675105,125.6034163",increased,i_am_familiar_with_the_owner,,Taiwan,,,tires,,china,none_of_the_above,"korea,usa,japan,china",,https://storage.googleapis.com/prod-premise-android-observation-us/05cd1756-b4d4-40e5-aee7-81e3467784f9.jpg,,continue,china,other,,7.067363856249999,125.60339125624998
"""5108770999894016""","""5652704262094848""","""4681035064279040""","""6674130576343040""","""5897368358617088""",2019-05-06 09:03:20.461000+00:00,"""6421587891847168""",dv-ph_foreign-businesses-in-your-community,yes,yes,no,yes,"7.4457709,125.8094027",increased,there_are_signs_in_foreign_languages,,china,,,,english,"india,korea,japan,china","india,malaysia,russia","korea,usa,japan,china",,https://storage.googleapis.com/prod-premise-android-observation-us/c704b7d0-b869-4656-9a85-ec7d3d0d7237.jpg,https://storage.googleapis.com/prod-premise-android-observation-us/957fda66-ef91-47cd-a6ef-dec892a0049e.jpg,continue,china,restaurant,"chinese,other",7.446506966666665,125.80913052777775
"""5114830863204352""","""5659255760748544""","""4681035064279040""","""6674130576343040""","""5897368358617088""",2019-05-16 11:18:39.395000+00:00,"""6421587891847168""",dv-ph_foreign-businesses-in-your-community,yes,no,yes,yes,"7.0725973,125.605469",increased,there_are_signs_in_foreign_languages,,I do noy know,,,Artificial Limbs and Braces,English,"korea,usa,japan",russia,"japan,korea,usa,china",,https://storage.googleapis.com/prod-premise-android-observation-us/9848a091-7154-4c1c-83c8-4d3283bc4792.jpg,https://storage.googleapis.com/prod-premise-android-observation-us/f3f911d4-4ee0-4e0a-a7d6-7f27a3c6f8e2.jpg,continue,usa,other,other,7.072559173684209,125.60540019473683
"""5189531547467776""","""5713898423451648""","""4681035064279040""","""6700672870252544""","""5897368358617088""",2019-05-24 23:33:32.925000+00:00,"""5375214757085184""",southern-ph_foreign-businesses-in-your-community,yes,yes,no,yes,"10.3286097,123.9423166",increased,the_products_being_sold_are_clearly_foreign,,China,,,,,"korea,china,japan",none_of_the_above,"usa,korea,china,japan,india",https://storage.googleapis.com/prod-premise-android-observation-us/5964bff6-ac67-4a77-a2b6-e91a5c96d701.jpg,https://storage.googleapis.com/prod-premise-android-observation-us/50ddc06b-02fa-46d2-a240-8dc740c8b6ed.jpg,,continue,china,clothing_store,chinese,10.332098247058823,123.94110620000004
"""5203878420152320""","""5761238749413376""","""4681035064279040""","""6674130576343040""","""5897368358617088""",2019-05-06 09:03:20.566000+00:00,"""6421587891847168""",dv-ph_foreign-businesses-in-your-community,yes,yes,i_m_not_sure,yes,"7.0833444,125.612418",increased,there_are_signs_in_foreign_languages,,N/A,,,Bank,,"usa,korea,china,japan,india",china,"korea,japan",,https://storage.googleapis.com/prod-premise-android-observation-us/928de3a8-a3a4-44ae-ae80-04a157d694a4.jpg,https://storage.googleapis.com/prod-premise-android-observation-us/c8f1b6d4-04c4-4acf-af2b-1e3a6dda4133.jpg,continue,china,other,chinese,7.083414594444445,125.61239662222222
"""5212769572880384""","""4800187511865344""","""4681035064279040""","""6674130576343040""","""5897368358617088""",2019-05-16 11:18:47.187000+00:00,"""6421587891847168""",dv-ph_foreign-businesses-in-your-community,yes,yes,i_m_not_sure,yes,"7.0494332,125.5890911",stayed_the_same,the_products_being_sold_are_clearly_foreign,,Korea,Iraq,,Health/Medical,English,"korea,china",other,"korea,usa,china",https://storage.googleapis.com/prod-premise-android-observation-us/08b60550-858f-4ceb-8687-9299810b1311.jpg,https://storage.googleapis.com/prod-premise-android-observation-us/a3fe0c64-4bc1-49fc-972f-3ba347d4b8b3.jpg,,continue,korea,other,other,7.049429515,125.58910013500001
"""5220560224124928""","""6189528216764416""","""4681035064279040""","""6191255506649088""","""5897368358617088""",2019-05-16 11:12:45.770000+00:00,"""6324786039881728""",mg-ph_foreign-businesses-in-your-community,no,yes,i_m_not_sure,sometimes,"7.0168263,125.0881173",stayed_the_same,other,it is owned by a Chinese national,china only,,,candle,,china,"india,russia","korea,usa,japan,china",,https://storage.googleapis.com/prod-premise-android-observation-us/054011d7-746b-4282-ae87-755329db565f.jpg,,continue,china,other,,7.016831452941178,125.0881231
"""5265236725596160""","""6405399034986496""","""4681035064279040""","""6674130576343040""","""5897368358617088""",2019-05-05 13:06:23.473000+00:00,"""6421587891847168""",dv-ph_foreign-businesses-in-your-community,yes,yes,yes,sometimes,"7.0752227,125.6247231",increased,i_am_familiar_with_the_owner,,none,,,merchandising,,china,china,japan,,https://storage.googleapis.com/prod-premise-android-observation-us/5c594ad7-ceca-4c10-9860-56ce358210ce.jpg,,continue,china,other,chinese,7.0751716823529405,125.62495979411763
"""5279676976070656""","""6501512421310464""","""4681035064279040""","""6674130576343040""","""5897368358617088""",2019-05-16 11:18:54.801000+00:00,"""6421587891847168""",dv-ph_foreign-businesses-in-your-community,yes,yes,i_m_not_sure,sometimes,"7.0683918,125.603871",stayed_the_same,"there_are_signs_in_foreign_languages,the_products_being_sold_are_clearly_foreign",,korea,,,,,china,russia,"usa,japan,china",https://storage.googleapis.com/prod-premise-android-observation-us/d7bdfb2f-61c8-494d-b095-c8d6828beccc.jpg,https://storage.googleapis.com/prod-premise-android-observation-us/8035a7eb-360e-40a2-a7ab-ffe797a3d5b0.jpg,https://storage.googleapis.com/prod-premise-android-observation-us/01323d60-a44b-4303-aae4-d6c7913a065f.jpg,continue,korea,i_m_not_sure,korean,7.068536741176471,125.60388921764707
"""5301074234703872""","""6635848006107136""","""4681035064279040""","""5462052687577088""","""5897368358617088""",2019-05-16 11:21:25.133000+00:00,"""6055342289977344""",ii-ph_foreign-businesses-in-your-community,yes,no,i_m_not_sure,yes,"10.7183119,122.548121",increased,the_products_being_sold_are_clearly_foreign,,u,,,,E,"usa,korea,china",none_of_the_above,"usa,korea,china,japan",https://storage.googleapis.com/prod-premise-android-observation-us/96291204-ef50-4783-906b-c91be168c7c2.jpg,https://storage.googleapis.com/prod-premise-android-observation-us/1e497699-e12a-4ab6-a8fc-86897101b473.jpg,,continue,usa,restaurant,other,10.71755956111111,122.54780479444442
"""5307930797670400""","""5812455857979392""","""4681035064279040""","""6191255506649088""","""5897368358617088""",2019-05-16 11:12:44.920000+00:00,"""6324786039881728""",mg-ph_foreign-businesses-in-your-community,no,yes,no,sometimes,"7.0168282,125.0881238",stayed_the_same,i_am_familiar_with_the_owner,,canada,,,candle business,,china,"usa,china","usa,korea,china,japan",,https://storage.googleapis.com/prod-premise-android-observation-us/e6e64ec2-05d5-4040-b6d5-c7bb9becf1a3.jpg,,continue,usa,other,,7.016823937500001,125.0881479875
"""5323661165723648""","""5739177208446976""","""4681035064279040""","""6674130576343040""","""5897368358617088""",2019-05-06 09:00:24.393000+00:00,"""6421587891847168""",dv-ph_foreign-businesses-in-your-community,yes,no,no,yes,"7.0725355,125.6122267",increased,i_am_familiar_with_the_owner,,Malaysia,,,,,usa,"india,indonesia,malaysia,china","japan,russia,korea,usa",,https://storage.googleapis.com/prod-premise-android-observation-us/5afcb581-4002-47c3-a858-f7b00132d180.jpg,,continue,malaysia,restaurant,malay,7.0727331,125.61222576875001
"""5343229707812864""","""6256705427996672""","""4681035064279040""","""6674130576343040""","""5897368358617088""",2019-05-06 09:00:24.369000+00:00,"""6421587891847168""",dv-ph_foreign-businesses-in-your-community,yes,yes,no,yes,"7.2098775,125.6451426",increased,other,according to the manager,korea,,,manufacturing of plastic bags,english,china,russia,"usa,korea,china,japan",,https://storage.googleapis.com/prod-premise-android-observation-us/4b56f436-6beb-4e96-bdef-26c3ea4753c6.jpg,,continue,china,other,other,7.209457221052632,125.64604162631584
"""5352855971037184""","""6626069422538752""","""4681035064279040""","""6674130576343040""","""5897368358617088""",2019-05-16 11:18:39.597000+00:00,"""6421587891847168""",dv-ph_foreign-businesses-in-your-community,no,yes,no,yes,"7.0901482,125.6106403",increased,the_products_being_sold_are_clearly_foreign,,korea,,,,,korea,china,"korea,usa,japan",https://storage.googleapis.com/prod-premise-android-observation-us/5b4fa7c8-32ef-40dd-bc40-a46a0c85cf5a.jpg,https://storage.googleapis.com/prod-premise-android-observation-us/5b5df5e1-a627-4ac3-a56c-c6b9e6486e12.jpg,,continue,korea,restaurant,,7.08973993125,125.61034019374999
"""5419110321094656""","""5822921589129216""","""4681035064279040""","""6191255506649088""","""5897368358617088""",2019-05-16 11:12:45.601000+00:00,"""6324786039881728""",mg-ph_foreign-businesses-in-your-community,yes,yes,no,yes,"7.2242532,124.2463258",stayed_the_same,i_am_familiar_with_the_owner,,india,,,,bombay,"china,india",indonesia,"china,india",,https://storage.googleapis.com/prod-premise-android-observation-us/d8f5a645-4aeb-4b8b-8542-ab2d2fd44a52.jpg,,continue,other,clothing_store,other,7.224122235294118,124.24625734117647
"""5433492203634688""","""6541376411926528""","""4681035064279040""","""6674130576343040""","""5897368358617088""",2019-05-16 11:18:41.003000+00:00,"""6421587891847168""",dv-ph_foreign-businesses-in-your-community,yes,yes,i_m_not_sure,yes,"7.0567319,125.6002954",increased,there_are_signs_in_foreign_languages,,japan,,,,,"korea,usa,china,japan",none_of_the_above,"usa,korea,china,russia,malaysia",,https://storage.googleapis.com/prod-premise-android-observation-us/44bf7a2b-a685-48e2-8f73-1073af27e67d.jpg,https://storage.googleapis.com/prod-premise-android-observation-us/9dab5b8f-0bf3-44d7-acc0-02020ac771fa.jpg,continue,japan,restaurant,japanese,7.056767670588236,125.60032839411764
"""5464672806371328""","""6383580474245120""","""4681035064279040""","""4750674301550592""","""5897368358617088""",2019-05-24 23:24:30.434000+00:00,"""4679033307529216""",su_foreign-businesses-in-your-community,yes,no,no,yes,"6.9048748,122.0726465",increased,other,owner doesn't speak much tagalog,china,,,stryo pon,,"korea,china",india,"korea,malaysia,china",,https://storage.googleapis.com/prod-premise-android-observation-us/24f1bd2e-cb33-4445-b51b-d82b34ad0933.jpg,,continue,korea,other,korean,6.905023305555556,122.07300002777781
"""5527861527052288""","""5652315957624832""","""4681035064279040""","""6191255506649088""","""5897368358617088""",2019-05-16 11:12:45.331000+00:00,"""6324786039881728""",mg-ph_foreign-businesses-in-your-community,yes,yes,no,yes,"7.1065265,125.1473512",increased,the_products_being_sold_are_clearly_foreign,,indonesia,,,,,"usa,korea,indonesia",china,"usa,korea,japan,indonesia",https://storage.googleapis.com/prod-premise-android-observation-us/1aab9b3d-174d-4a7f-8da0-f9b4f9a3682c.jpg,https://storage.googleapis.com/prod-premise-android-observation-us/cdee322d-b2eb-4f98-abcd-8d01693d6271.jpg,,continue,indonesia,resorts_tourism,indonesian,7.106584935294118,125.14728519411764
"""5541503693750272""","""6219330366734336""","""4681035064279040""","""6674130576343040""","""5897368358617088""",2019-05-06 09:03:21.118000+00:00,"""6421587891847168""",dv-ph_foreign-businesses-in-your-community,yes,no,no,yes,"7.0774483,125.6056949",increased,there_are_signs_in_foreign_languages,,none,,,,English,"usa,korea,china,japan",none_of_the_above,"usa,korea,china,japan",,https://storage.googleapis.com/prod-premise-android-observation-us/fe34f6b5-e956-48d4-a7ca-88658cfca4a2.jpg,https://storage.googleapis.com/prod-premise-android-observation-us/d09b67a0-2556-4daf-9478-3ebbf78ea066.jpg,continue,usa,restaurant,other,7.077445649999999,125.60568239999998
"""5544492143738880""","""6544025748242432""","""4681035064279040""","""5462052687577088""","""5897368358617088""",2019-05-05 14:30:21.847000+00:00,"""6055342289977344""",ii-ph_foreign-businesses-in-your-community,no,no,i_m_not_sure,yes,"10.7139854,122.5519423",increased,i_am_familiar_with_the_owner,,I'm not sure ,,,,,china,china,"korea,usa",,https://storage.googleapis.com/prod-premise-android-observation-us/8044b55b-c7a0-48ea-ae85-fe00901df5ea.jpg,,continue,other,grocery_store,,10.714049146666667,122.55201709333332
"""5549749313732608""","""6637230216970240""","""4681035064279040""","""5462052687577088""","""5897368358617088""",2019-06-05 16:25:46.283000+00:00,"""6055342289977344""",ii-ph_foreign-businesses-in-your-community,no,no,no,sometimes,"10.7173117,122.5479321",stayed_the_same,there_are_signs_in_foreign_languages,,usa,,,,,malaysia,china,china,,https://storage.googleapis.com/prod-premise-android-observation-us/fe7fc738-5bfa-4baf-9b48-1fc6edca6c68.jpg,https://storage.googleapis.com/prod-premise-android-observation-us/fd5f0294-4823-4b74-b6a0-5266a9a7ddda.jpg,continue,other,grocery_store,,10.717280881250002,122.54789873124997
"""5583193993379840""","""4514773566750720""","""4681035064279040""","""4750674301550592""","""5897368358617088""",2019-05-16 11:12:39.464000+00:00,"""4679033307529216""",su_foreign-businesses-in-your-community,yes,yes,i_m_not_sure,sometimes,"6.94319,122.1069587",increased,there_are_signs_in_foreign_languages,,china,,,,,china,"china,india","china,india",,https://storage.googleapis.com/prod-premise-android-observation-us/5130f09b-d32a-4a88-9426-e62f85968bcf.jpg,https://storage.googleapis.com/prod-premise-android-observation-us/7b83c96c-1114-424b-bb2b-2c8d4b2f075f.jpg,continue,korea,restaurant,chinese,6.943258411764706,122.10705141176471
"""5617690147291136""","""5914898111397888""","""4681035064279040""","""4750674301550592""","""5897368358617088""",2019-05-16 11:12:39.453000+00:00,"""4679033307529216""",su_foreign-businesses-in-your-community,no,yes,i_m_not_sure,yes,"6.935097,122.0924326",increased,i_am_familiar_with_the_owner,,in China,,,,,china,"india,malaysia","none_of_the_above,china",,https://storage.googleapis.com/prod-premise-android-observation-us/9467bf0d-7e85-4059-9bd0-72c6ade04da6.jpg,,continue,china,restaurant,,6.935170453333334,122.09264532000002
"""5628839664287744""","""5692292578934784""","""4681035064279040""","""6674130576343040""","""5897368358617088""",2019-05-06 09:00:24.092000+00:00,"""6421587891847168""",dv-ph_foreign-businesses-in-your-community,yes,yes,yes,yes,"7.110223,125.612774",increased,there_are_signs_in_foreign_languages,,korea,,,,English,other,china,korea,,https://storage.googleapis.com/prod-premise-android-observation-us/c4d0eba4-0009-4580-a7a5-12f92f3cc879.jpg,https://storage.googleapis.com/prod-premise-android-observation-us/8add1e4e-2475-4d3b-8f39-f293c07d325f.jpg,continue,korea,pharmacy,other,7.1103239333333335,125.6127106611111
"""5690653806690304""","""6512268021858304""","""4681035064279040""","""6674130576343040""","""5897368358617088""",2019-05-16 11:18:56.046000+00:00,"""6421587891847168""",dv-ph_foreign-businesses-in-your-community,yes,yes,i_m_not_sure,yes,"7.0828191,125.6127521",increased,there_are_signs_in_foreign_languages,,USA,,,,English,"usa,korea,china,japan",none_of_the_above,"usa,korea,china,japan",,https://storage.googleapis.com/prod-premise-android-observation-us/07db5c58-f85e-46e5-9afb-7f8c0d242fdb.jpg,https://storage.googleapis.com/prod-premise-android-observation-us/07b0f452-6dab-4ace-9a28-caca9d9fc514.jpg,continue,usa,restaurant,other,7.082816711111111,125.612954
"""5778186427170816""","""4926541022625792""","""4681035064279040""","""6191255506649088""","""5897368358617088""",2019-06-05 17:43:41.465000+00:00,"""6324786039881728""",mg-ph_foreign-businesses-in-your-community,yes,yes,i_m_not_sure,yes,"6.9988522,125.0822932",increased,there_are_signs_in_foreign_languages,,japan,,,,english,china,"china,malaysia,indonesia","usa,korea,japan",,https://storage.googleapis.com/prod-premise-android-observation-us/abb61f1c-6bae-47fd-8fd0-9ab7a03e3601.jpg,https://storage.googleapis.com/prod-premise-android-observation-us/c83d2db5-f9e0-417b-9bdc-93b5c3e099cb.jpg,continue,japan,convenience_store,other,6.99885008888889,125.08233997777779
"""5792707631906816""","""5761473636728832""","""4681035064279040""","""5462052687577088""","""5897368358617088""",2019-05-05 13:09:22.549000+00:00,"""6055342289977344""",ii-ph_foreign-businesses-in-your-community,no,no,no,no,"10.6975794,122.5434413",increased,other,g,u,,,,,china,china,china,,https://storage.googleapis.com/prod-premise-android-observation-us/498edefe-6463-4475-98c9-b231dc33d05a.jpg,,continue,russia,beauty_salon,,10.697557168749999,122.54341903125002
"""5794709896167424""","""6059393161363456""","""4681035064279040""","""5462052687577088""","""5897368358617088""",2019-06-05 16:31:33.977000+00:00,"""6055342289977344""",ii-ph_foreign-businesses-in-your-community,yes,no,no,yes,"10.6929586,122.5730944",stayed_the_same,the_products_being_sold_are_clearly_foreign,,japan,,,,,china,china,usa,https://storage.googleapis.com/prod-premise-android-observation-us/ddba6fb1-a8d5-4a3c-b17b-a8c787d2e62e.jpg,https://storage.googleapis.com/prod-premise-android-observation-us/d5d756ce-2a0e-4753-8a67-e0861f0a59d4.jpg,,continue,china,pharmacy,"chinese,korean",10.692677235294118,122.57295352352942
"""5805759685197824""","""5320146130305024""","""4681035064279040""","""6674130576343040""","""5897368358617088""",2019-05-16 11:21:23.131000+00:00,"""6421587891847168""",dv-ph_foreign-businesses-in-your-community,yes,no,i_m_not_sure,sometimes,"7.0784499,125.6137168",increased,there_are_signs_in_foreign_languages,,im not sure,,,restaurant,english,china,none_of_the_above,china,,https://storage.googleapis.com/prod-premise-android-observation-us/62f5f3f8-f404-4dc3-9484-e579870c8cca.jpg,https://storage.googleapis.com/prod-premise-android-observation-us/082c4653-03b7-4243-9533-dceab360fe34.jpg,continue,other,other,other,7.07852094736842,125.61356890526315
"""5809249727807488""","""5025109294186496""","""4681035064279040""","""4750674301550592""","""5897368358617088""",2019-05-24 23:24:24.854000+00:00,"""4679033307529216""",su_foreign-businesses-in-your-community,yes,yes,no,yes,"6.9589902,121.9499177",increased,i_am_familiar_with_the_owner,,china,,,,,"usa,china","japan,russia","usa,china",,https://storage.googleapis.com/prod-premise-android-observation-us/8269ff55-c1fc-4586-87fd-b5e162876ba9.jpg,,continue,china,convenience_store,chinese,6.958995324999999,121.94986740000002
"""5860902719979520""","""6169316766515200""","""4681035064279040""","""6700672870252544""","""5897368358617088""",2019-05-06 08:57:22.003000+00:00,"""5375214757085184""",southern-ph_foreign-businesses-in-your-community,no,yes,no,yes,"8.2288303,124.2384747",increased,other,i'm an employee before,china,,,,,"korea,japan,china","korea,china","usa,japan",,https://storage.googleapis.com/prod-premise-android-observation-us/ea1c4e58-03ff-4675-b02c-38ff19d1a2f4.jpg,,continue,china,clothing_store,,8.22884050625,124.23857446250003
"""5871213258735616""","""5630001126834176""","""4681035064279040""","""6674130576343040""","""5897368358617088""",2019-05-06 09:00:24.243000+00:00,"""6421587891847168""",dv-ph_foreign-businesses-in-your-community,no,no,i_m_not_sure,sometimes,"7.1244639,125.6605652",stayed_the_same,other,because i saw it in other place and the owner,philippines,,,gasoline station,,china,india,"korea,usa,japan",,https://storage.googleapis.com/prod-premise-android-observation-us/80f66cc9-3972-456b-a419-118fe63eacdf.jpg,,continue,china,other,,7.120933499999999,125.65775193529413
"""5916573029105664""","""5870408684273664""","""4681035064279040""","""6191255506649088""","""5897368358617088""",2019-05-16 11:12:43.954000+00:00,"""6324786039881728""",mg-ph_foreign-businesses-in-your-community,yes,yes,yes,yes,"6.8625383,124.447855",stayed_the_same,there_are_signs_in_foreign_languages,,usa,,,,english,usa,usa,usa,,https://storage.googleapis.com/prod-premise-android-observation-us/5be16dfc-6730-4101-b8d2-9711562f5cab.jpg,https://storage.googleapis.com/prod-premise-android-observation-us/cc099b50-b9b6-4aa9-aa1d-e9363b3bfdad.jpg,continue,usa,convenience_store,other,6.862475716666667,124.44786872777779
"""5916822053322752""","""6548586382753792""","""4681035064279040""","""6674130576343040""","""5897368358617088""",2019-05-16 11:18:40.265000+00:00,"""6421587891847168""",dv-ph_foreign-businesses-in-your-community,yes,yes,no,yes,"7.0931125,125.5000245",increased,there_are_signs_in_foreign_languages,,Usa,,,,English,"india,japan,russia,korea,usa,china",china,"korea,usa,russia",,https://storage.googleapis.com/prod-premise-android-observation-us/8a60b3f3-c0a9-49f6-9a45-da04c0a0d460.jpg,https://storage.googleapis.com/prod-premise-android-observation-us/fc6d86aa-8561-4009-ae43-b0516f336bf8.jpg,continue,usa,i_m_not_sure,other,7.093105000000001,125.50000620555556
"""5930535984562176""","""6608079551463424""","""4681035064279040""","""6191255506649088""","""5897368358617088""",2019-05-06 08:54:21.895000+00:00,"""6324786039881728""",mg-ph_foreign-businesses-in-your-community,no,no,i_m_not_sure,sometimes,"7.1985493,124.2433246",increased,the_products_being_sold_are_clearly_foreign,,Indonesia,,,,,"indonesia,korea,malaysia,china",china,"korea,usa,japan",https://storage.googleapis.com/prod-premise-android-observation-us/a16f03ac-ce69-4fb3-b9d6-ef5061e4d569.jpg,https://storage.googleapis.com/prod-premise-android-observation-us/ade1cb75-364a-40d2-83f2-dca34282c49b.jpg,,continue,malaysia,clothing_store,,7.19850306875,124.24316805625
"""5941717831254016""","""6183355308572672""","""4681035064279040""","""4750674301550592""","""5897368358617088""",2019-05-16 11:12:38.718000+00:00,"""4679033307529216""",su_foreign-businesses-in-your-community,yes,yes,yes,yes,"6.6973074,121.967868",stayed_the_same,i_am_familiar_with_the_owner,,saudi,,,,arabic,other,none_of_the_above,"japan,indonesia,korea",,https://storage.googleapis.com/prod-premise-android-observation-us/3d1451ce-2366-411a-8ab2-4d30581860cf.jpg,,continue,other,convenience_store,other,6.697455164705882,121.96784808235294
"""5975228726378496""","""6748803020357632""","""4681035064279040""","""6093216049790976""","""5897368358617088""",2019-05-16 11:12:37.601000+00:00,"""6730019844915200""",ls-ph_foreign-businesses-in-your-community,yes,no,yes,yes,"8.0070194,124.2881936",decreased,i_am_familiar_with_the_owner,,Indonesia,,,,,indonesia,china,china,,https://storage.googleapis.com/prod-premise-android-observation-us/f17c83ce-c39e-46d3-9756-92dd3d29877f.jpg,,continue,malaysia,i_m_not_sure,malay,8.00707178125,124.28820021874995
"""6013463917756416""","""6085020974317568""","""4681035064279040""","""4750674301550592""","""5897368358617088""",2019-05-05 13:06:22.020000+00:00,"""4679033307529216""",su_foreign-businesses-in-your-community,yes,yes,no,yes,"6.9186626,122.0878865",increased,there_are_signs_in_foreign_languages,,usa,,,service provider,english,usa,usa,usa,,https://storage.googleapis.com/prod-premise-android-observation-us/56d0f314-8373-4578-89f3-b96e52a76c21.jpg,https://storage.googleapis.com/prod-premise-android-observation-us/bff7c040-adf5-4fc9-be89-96cfdfcb1a15.jpg,continue,usa,other,other,6.918712857894738,122.08785963684211
"""6063486042898432""","""4797291264212992""","""4681035064279040""","""4750674301550592""","""5897368358617088""",2019-05-16 11:12:39.982000+00:00,"""4679033307529216""",su_foreign-businesses-in-your-community,yes,yes,no,yes,"6.9075235,122.0786176",increased,there_are_signs_in_foreign_languages,,Korea,,,,,china,china,china,,https://storage.googleapis.com/prod-premise-android-observation-us/25065b19-2168-495a-865f-d507f77f434e.jpg,https://storage.googleapis.com/prod-premise-android-observation-us/826309d0-1d4c-4214-a563-0bf9ce2161e6.jpg,continue,china,clothing_store,chinese,6.9088481058823525,122.07953018823528
"""6094784157450240""","""6463050650484736""","""4681035064279040""","""6674130576343040""","""5897368358617088""",2019-05-06 09:03:21.685000+00:00,"""6421587891847168""",dv-ph_foreign-businesses-in-your-community,yes,yes,yes,yes,"7.0738449,125.6173054",increased,there_are_signs_in_foreign_languages,,Hongkong,,,Glass & Aluminum Store,,"india,korea,usa,japan,china",none_of_the_above,"india,japan,korea,usa,china",,https://storage.googleapis.com/prod-premise-android-observation-us/f76befec-627e-4975-ac88-a30a3ed4271d.jpg,https://storage.googleapis.com/prod-premise-android-observation-us/bd8aa82b-9452-4817-900b-9f964c500075.jpg,continue,china,other,chinese,7.073838583333335,125.61725631666665
"""6095458614116352""","""5880824737038336""","""4681035064279040""","""6700672870252544""","""5897368358617088""",2019-06-05 17:49:39.295000+00:00,"""5375214757085184""",southern-ph_foreign-businesses-in-your-community,yes,yes,no,yes,"10.664162,122.9481949",stayed_the_same,there_are_signs_in_foreign_languages,,taiwan,,,,,korea,russia,korea,,https://storage.googleapis.com/prod-premise-android-observation-us/eb0bc7dc-67aa-48f5-8922-cde458ddcb06.jpg,https://storage.googleapis.com/prod-premise-android-observation-us/89df259d-5bc7-473d-9239-9da849b49868.jpg,continue,other,restaurant,japanese,10.664208788235296,122.9482125352941
"""6128263628849152""","""6083645360046080""","""4681035064279040""","""6191255506649088""","""5897368358617088""",2019-05-05 13:09:22.266000+00:00,"""6324786039881728""",mg-ph_foreign-businesses-in-your-community,no,yes,no,yes,"7.366308,124.2606164",stayed_the_same,i_am_familiar_with_the_owner,,none,,,,,china,china,"indonesia,korea,usa,japan",,https://storage.googleapis.com/prod-premise-android-observation-us/d822ca95-7747-44f5-a15b-9eafe7af8757.jpg,,continue,usa,restaurant,,7.36872674,124.26118100666666
"""6138789616418816""","""6333096771190784""","""4681035064279040""","""5462052687577088""","""5897368358617088""",2019-06-05 16:28:42.298000+00:00,"""6055342289977344""",ii-ph_foreign-businesses-in-your-community,yes,yes,i_m_not_sure,yes,"14.5330701,121.051681",increased,there_are_signs_in_foreign_languages,,I dont know,,,,English,"usa,china,india",russia,"usa,korea,china,indonesia",,https://storage.googleapis.com/prod-premise-android-observation-us/478531ce-61be-48ec-abae-8cb3d77eb081.jpg,https://storage.googleapis.com/prod-premise-android-observation-us/d6b5a79a-a146-4e2e-9c56-5da0b97d9301.jpg,continue,usa,restaurant,other,14.532887472222225,121.05158514444445
"""6142422928064512""","""6052690409816064""","""4681035064279040""","""6674130576343040""","""5897368358617088""",2019-05-05 13:06:23.599000+00:00,"""6421587891847168""",dv-ph_foreign-businesses-in-your-community,yes,no,no,yes,"7.090556,125.6109702",increased,there_are_signs_in_foreign_languages,,USA,,,,English ,usa,usa,usa,,https://storage.googleapis.com/prod-premise-android-observation-us/4758fab0-685a-40ae-81d0-a193cc8ab1f4.jpg,https://storage.googleapis.com/prod-premise-android-observation-us/9fc32eb2-d10e-4781-8293-80c7f48f2bce.jpg,continue,usa,clothing_store,other,7.09079398888889,125.61170893333332
"""6144882233049088""","""5432968125349888""","""4681035064279040""","""6700672870252544""","""5897368358617088""",2019-05-16 11:15:27.177000+00:00,"""5375214757085184""",southern-ph_foreign-businesses-in-your-community,yes,yes,no,yes,"10.3181607,123.9050437",increased,the_products_being_sold_are_clearly_foreign,,USA,,,,american,"korea,usa",china,"usa,korea,japan",https://storage.googleapis.com/prod-premise-android-observation-us/e6652e97-dd50-41be-8479-f918053e0b76.jpg,https://storage.googleapis.com/prod-premise-android-observation-us/43be0974-b3d3-48d1-a8f7-944be856b244.jpg,,continue,usa,restaurant,other,10.3182008,123.90485046666666
"""6157623941398528""","""6232449480654848""","""4681035064279040""","""4750674301550592""","""5897368358617088""",2019-05-16 11:12:39.759000+00:00,"""4679033307529216""",su_foreign-businesses-in-your-community,yes,no,no,yes,"6.9582879,121.950541",increased,i_am_familiar_with_the_owner,,none,,,,,usa,china,usa,,https://storage.googleapis.com/prod-premise-android-observation-us/aca360c0-83d4-4396-8877-e86de80d2e0d.jpg,,continue,china,convenience_store,chinese,6.959398749999999,121.94954073124998
"""6165427511099392""","""6222120685142016""","""4681035064279040""","""6700672870252544""","""5897368358617088""",2019-05-05 13:00:22.258000+00:00,"""5375214757085184""",southern-ph_foreign-businesses-in-your-community,yes,no,i_m_not_sure,yes,"10.3294298,123.9018046",stayed_the_same,there_are_signs_in_foreign_languages,,china,,,,,"usa,korea",indonesia,usa,,https://storage.googleapis.com/prod-premise-android-observation-us/1ed87bdd-2737-4350-9e28-c21cdaa23ec9.jpg,https://storage.googleapis.com/prod-premise-android-observation-us/e619e7ca-9781-4da1-9ef7-aa96c2faa064.jpg,continue,korea,convenience_store,korean,10.329300094117649,123.90193072941175
"""6200527678341120""","""6031994755481600""","""4681035064279040""","""6700672870252544""","""5897368358617088""",2019-05-16 11:15:37.161000+00:00,"""5375214757085184""",southern-ph_foreign-businesses-in-your-community,yes,yes,no,yes,"10.3187581,123.9047202",increased,the_products_being_sold_are_clearly_foreign,,N/A,,,,,china,russia,"korea,usa,japan,china",https://storage.googleapis.com/prod-premise-android-observation-us/aa790088-66e7-46e5-886d-22d919898d87.jpg,https://storage.googleapis.com/prod-premise-android-observation-us/e5964314-6727-4ce7-a66a-e05d6848ab3e.jpg,,continue,japan,restaurant,japanese,10.319048,123.90478701176468
"""6201701848580096""","""6310266549567488""","""4681035064279040""","""5462052687577088""","""5897368358617088""",2019-05-16 11:21:28.911000+00:00,"""6055342289977344""",ii-ph_foreign-businesses-in-your-community,yes,no,i_m_not_sure,yes,"10.7133089,122.5449253",increased,other,international hotel,not sure from which country,,,Hotel,Australian,"korea,china,india",china,"usa,india",,https://storage.googleapis.com/prod-premise-android-observation-us/357a230e-699c-45de-87ad-278319ec5e15.jpg,,continue,other,other,other,10.713295615789473,122.5452166736842
"""6229918860967936""","""6073272536924160""","""4681035064279040""","""6674130576343040""","""5897368358617088""",2019-05-05 13:06:22.761000+00:00,"""6421587891847168""",dv-ph_foreign-businesses-in-your-community,no,yes,no,yes,"7.1926158,125.4536964",increased,the_products_being_sold_are_clearly_foreign,,japan,,,furniture ,,china,russia,"korea,usa,japan",https://storage.googleapis.com/prod-premise-android-observation-us/f31610f0-036d-4a79-b207-bdc3af308718.jpg,https://storage.googleapis.com/prod-premise-android-observation-us/247fb51b-fdc6-4f07-911f-a45c8ff9277a.jpg,,continue,japan,other,,7.192692752941176,125.45372412941175
"""6241351661256704""","""6004257796915200""","""4681035064279040""","""4750674301550592""","""5897368358617088""",2019-05-16 11:12:38.278000+00:00,"""4679033307529216""",su_foreign-businesses-in-your-community,no,no,no,sometimes,"6.9355642,122.0923184",increased,i_am_familiar_with_the_owner,,Spain,,,Pera padala,,china,none_of_the_above,"usa,korea,china,japan,malaysia",,https://storage.googleapis.com/prod-premise-android-observation-us/232e3e6d-7a6e-4cfd-85c9-59cbe19cd32f.jpg,,continue,other,other,,6.935567037500001,122.09233514375003
"""6271011463888896""","""5750652983574528""","""4681035064279040""","""6674130576343040""","""5897368358617088""",2019-05-16 11:18:39.069000+00:00,"""6421587891847168""",dv-ph_foreign-businesses-in-your-community,yes,no,no,yes,"7.0610047,125.5636366",increased,"there_are_signs_in_foreign_languages,the_products_being_sold_are_clearly_foreign,i_am_familiar_with_the_owner",,United States of America,,,,City Blends,other,"china,russia",usa,https://storage.googleapis.com/prod-premise-android-observation-us/bb60738c-fbbb-48ce-b6ea-3743a850b22e.jpg,https://storage.googleapis.com/prod-premise-android-observation-us/4cb41ecd-bad9-4480-8131-31e2ce241dda.jpg,https://storage.googleapis.com/prod-premise-android-observation-us/a4119933-5f3f-4ff3-8689-55cc412710ce.jpg,continue,other,convenience_store,other,7.061084942105262,125.56362591052627
"""6299981387399168""","""5999429233410048""","""4681035064279040""","""6700672870252544""","""5897368358617088""",2019-05-06 08:57:21.251000+00:00,"""5375214757085184""",southern-ph_foreign-businesses-in-your-community,yes,no,no,yes,"10.2789163,123.8607355",stayed_the_same,i_am_familiar_with_the_owner,,japan,,,,,usa,"india,indonesia","japan,russia,korea,usa,china",,https://storage.googleapis.com/prod-premise-android-observation-us/50dd9998-dbc9-42de-a475-9cd159b101d7.jpg,,continue,china,convenience_store,chinese,10.27889635625,123.860723675
"""6302922198482944""","""6721738359439360""","""4681035064279040""","""6700672870252544""","""5897368358617088""",2019-05-16 11:15:28.553000+00:00,"""5375214757085184""",southern-ph_foreign-businesses-in-your-community,yes,yes,i_m_not_sure,sometimes,"10.6680324,122.9448181",stayed_the_same,"other,the_products_being_sold_are_clearly_foreign",The owner is a chinese business man,china,,,department store,,"korea,china,japan","india,china","japan,korea,usa",https://storage.googleapis.com/prod-premise-android-observation-us/4dc94d8f-9c6c-4f52-ba3e-49b888f5c648.jpg,https://storage.googleapis.com/prod-premise-android-observation-us/b48d00ac-7a87-4677-bc16-232771c7dbfa.jpg,,continue,china,other,chinese,10.667900252631577,122.94476606842105
"""6345224975548416""","""5659255760748544""","""4681035064279040""","""5462052687577088""","""5897368358617088""",2019-05-05 14:30:21.557000+00:00,"""6055342289977344""",ii-ph_foreign-businesses-in-your-community,yes,no,i_m_not_sure,yes,"7.0720496,125.6050773",increased,there_are_signs_in_foreign_languages,,Australia,,,Inner pulse massage,English,"india,japan,korea,usa,china",russia,"india,japan,korea,usa,china",,https://storage.googleapis.com/prod-premise-android-observation-us/e9063807-a902-4b9d-ab89-28292813ad4d.jpg,https://storage.googleapis.com/prod-premise-android-observation-us/e2454a2f-855d-4c31-8b95-118664dede2a.jpg,continue,usa,other,other,7.072065636842105,125.60508447894735
"""6365191741636608""","""5808341447081984""","""4681035064279040""","""6700672870252544""","""5897368358617088""",2019-05-05 13:09:20.056000+00:00,"""5375214757085184""",southern-ph_foreign-businesses-in-your-community,no,no,no,sometimes,"11.0574372,124.3848296",decreased,the_products_being_sold_are_clearly_foreign,,japan,,,devices,,usa,china,usa,https://storage.googleapis.com/prod-premise-android-observation-us/636e6312-6f5a-4284-ae7d-aa65256b9878.jpg,https://storage.googleapis.com/prod-premise-android-observation-us/2a536146-a445-42da-9155-c2a9aa11e145.jpg,,continue,japan,other,,11.054051588235291,124.38417030000001
"""6382213301010432""","""5939524899176448""","""4681035064279040""","""6674130576343040""","""5897368358617088""",2019-05-06 09:03:22.421000+00:00,"""6421587891847168""",dv-ph_foreign-businesses-in-your-community,no,yes,no,yes,"7.0772283,125.6058967",increased,there_are_signs_in_foreign_languages,,spain,,,,,"korea,usa,japan",none_of_the_above,"korea,usa,japan,china",,https://storage.googleapis.com/prod-premise-android-observation-us/cdfc2327-dcf4-4059-b080-5351758c63dc.jpg,https://storage.googleapis.com/prod-premise-android-observation-us/d9d90c15-c488-4f65-b86a-99c201d2f575.jpg,continue,other,restaurant,,7.0776726937499985,125.6056667625
"""6420196616044544""","""5889027367501824""","""4681035064279040""","""6191255506649088""","""5897368358617088""",2019-05-06 08:54:23.392000+00:00,"""6324786039881728""",mg-ph_foreign-businesses-in-your-community,no,yes,no,yes,"7.2720719,124.2905731",stayed_the_same,i_am_familiar_with_the_owner,,lebanon,,,internet cafe,,other,none_of_the_above,"japan,russia,usa,malaysia,china,india,indonesia,korea",,https://storage.googleapis.com/prod-premise-android-observation-us/ba8d5612-5eea-41be-aad9-5c1882be5d9d.jpg,,continue,other,other,,7.272058612500001,124.290582275
"""6434226646810624""","""5954082047000576""","""4681035064279040""","""6674130576343040""","""5897368358617088""",2019-05-16 11:21:23.255000+00:00,"""6421587891847168""",dv-ph_foreign-businesses-in-your-community,yes,yes,i_m_not_sure,yes,"7.0970904,125.618475",stayed_the_same,there_are_signs_in_foreign_languages,,korea,,hongkong,,,"japan,russia,other,korea,usa,china",none_of_the_above,"japan,russia,other,korea,usa,malaysia,china",,https://storage.googleapis.com/prod-premise-android-observation-us/e31df14c-06eb-4d79-afd8-b9ced0fcdfbc.jpg,https://storage.googleapis.com/prod-premise-android-observation-us/722db6ef-dbbe-4410-b100-2ccfa9bbd1ca.jpg,continue,korea,restaurant,japanese,7.097062977777777,125.61858591111114
"""6436248997593088""","""6404054762651648""","""4681035064279040""","""6674130576343040""","""5897368358617088""",2019-05-06 09:03:20.923000+00:00,"""6421587891847168""",dv-ph_foreign-businesses-in-your-community,yes,yes,i_m_not_sure,yes,"7.0676488,125.6080978",increased,there_are_signs_in_foreign_languages,,Chinese English,,,BPO,,"usa,china",none_of_the_above,china,,https://storage.googleapis.com/prod-premise-android-observation-us/f0a0e782-acff-403d-bfe9-12f7092dd5e9.jpg,https://storage.googleapis.com/prod-premise-android-observation-us/4bb0278e-1c92-46fb-9b98-64d0f18d1d6a.jpg,continue,china,other,chinese,7.067652038888889,125.6080375777778
"""6442952460075008""","""6428986357841920""","""4681035064279040""","""6674130576343040""","""5897368358617088""",2019-05-05 13:06:23.350000+00:00,"""6421587891847168""",dv-ph_foreign-businesses-in-your-community,no,yes,i_m_not_sure,sometimes,"7.0663252,125.6069883",stayed_the_same,the_products_being_sold_are_clearly_foreign,,Italy,,,Jewelry,,"korea,china,japan",none_of_the_above,"korea,japan",https://storage.googleapis.com/prod-premise-android-observation-us/1b6d643a-bfa4-42d6-8cd1-8dd3203eb512.jpg,https://storage.googleapis.com/prod-premise-android-observation-us/b091a4ab-b6b0-4939-bb6a-c1bc09500d7b.jpg,,continue,other,other,,7.066739858823529,125.6063801647059
"""6458580235452416""","""5670594038202368""","""4681035064279040""","""6700672870252544""","""5897368358617088""",2019-05-05 13:06:23.996000+00:00,"""5375214757085184""",southern-ph_foreign-businesses-in-your-community,yes,no,yes,yes,"11.2134378,125.0045536",stayed_the_same,the_products_being_sold_are_clearly_foreign,,usa,,,car dealer and service shop,english,china,china,usa,https://storage.googleapis.com/prod-premise-android-observation-us/62f8bb11-d7ff-4804-a797-7cdabf3b7e82.jpg,https://storage.googleapis.com/prod-premise-android-observation-us/7114b336-4f35-4a2d-b1e4-41d30a389ae5.jpg,,continue,usa,other,other,11.213451363157894,125.00457017894738
"""6493803530682368""","""5715885355433984""","""4681035064279040""","""6674130576343040""","""5897368358617088""",2019-05-05 13:06:23.666000+00:00,"""6421587891847168""",dv-ph_foreign-businesses-in-your-community,no,yes,no,yes,"7.0742989,125.6245833",increased,the_products_being_sold_are_clearly_foreign,,China ,,,,,"usa,korea,china,japan,malaysia,indonesia","russia,india","usa,korea,china,japan,malaysia,indonesia",https://storage.googleapis.com/prod-premise-android-observation-us/59f5835b-e3e2-4ae5-975a-bd6cadb1605c.jpg,https://storage.googleapis.com/prod-premise-android-observation-us/9dd3f971-c767-4b0b-8f45-6ff491ac9279.jpg,,continue,china,clothing_store,,7.074285725,125.62451558750001
"""6523511249043456""","""5816499581222912""","""4681035064279040""","""6191255506649088""","""5897368358617088""",2019-05-16 11:12:44.243000+00:00,"""6324786039881728""",mg-ph_foreign-businesses-in-your-community,yes,no,yes,yes,"7.379609,124.2674472",stayed_the_same,i_am_familiar_with_the_owner,,philippines,,,gasolin station Petron,tagalog,malaysia,none_of_the_above,usa,,https://storage.googleapis.com/prod-premise-android-observation-us/6b28514d-03df-419f-a4f8-2d1435bf2d2c.jpg,,continue,malaysia,other,other,7.379634900000001,124.26746197222221
"""6527391580028928""","""6519287704453120""","""4681035064279040""","""4750674301550592""","""5897368358617088""",2019-05-16 11:12:40.795000+00:00,"""4679033307529216""",su_foreign-businesses-in-your-community,yes,no,yes,yes,"6.918772,122.0731589",stayed_the_same,there_are_signs_in_foreign_languages,,Wala,,,,,china,china,china,,https://storage.googleapis.com/prod-premise-android-observation-us/4d1ecddf-8af8-4747-a5a4-fc4ab1e5f6de.jpg,https://storage.googleapis.com/prod-premise-android-observation-us/7d200a49-4087-432c-a12d-8aed7bf4f01a.jpg,continue,china,convenience_store,chinese,6.918773776470588,122.07315420000002
"""6532045516832768""","""5758892792348672""","""4681035064279040""","""6700672870252544""","""5897368358617088""",2019-05-06 08:57:22.884000+00:00,"""5375214757085184""",southern-ph_foreign-businesses-in-your-community,yes,yes,i_m_not_sure,yes,"10.3310672,123.9064781",increased,there_are_signs_in_foreign_languages,,Korea,,,,English and British,china,"indonesia,malaysia","korea,usa,japan,china",,https://storage.googleapis.com/prod-premise-android-observation-us/62d23816-9620-4dbe-aaf4-dc75090b99ed.jpg,https://storage.googleapis.com/prod-premise-android-observation-us/bb275b99-bf2f-40dd-822d-47e9e4b19350.jpg,continue,usa,restaurant,other,10.33018163888889,123.90397047222223
"""6541252584538112""","""5149636170874880""","""4681035064279040""","""4750674301550592""","""5897368358617088""",2019-05-16 11:12:38.558000+00:00,"""4679033307529216""",su_foreign-businesses-in-your-community,no,yes,i_m_not_sure,yes,"6.9411051,122.1010601",stayed_the_same,i_am_familiar_with_the_owner,,no other,,,engineering and construction,,"usa,china,japan","china,russia","usa,korea,japan",,https://storage.googleapis.com/prod-premise-android-observation-us/535ef640-ff0e-4ac2-b8af-18031c5969a9.jpg,,continue,usa,other,,6.940931612500001,122.10129585
"""6568545423982592""","""6522560872185856""","""4681035064279040""","""6674130576343040""","""5897368358617088""",2019-05-05 12:57:25.259000+00:00,"""6421587891847168""",dv-ph_foreign-businesses-in-your-community,no,no,no,yes,"7.0503689,125.5878795",increased,there_are_signs_in_foreign_languages,,korea,,,,,china,india,china,,https://storage.googleapis.com/prod-premise-android-observation-us/097a4979-5399-4dc0-b487-b1820a5c03d2.jpg,https://storage.googleapis.com/prod-premise-android-observation-us/e05b3632-35b5-4501-bdfc-4ca4f6b7a4a8.jpg,continue,china,restaurant,,7.0504039625,125.58787525
"""6584427944607744""","""5101850179141632""","""4681035064279040""","""6700672870252544""","""5897368358617088""",2019-05-05 13:06:24.156000+00:00,"""5375214757085184""",southern-ph_foreign-businesses-in-your-community,no,yes,no,yes,"11.7080524,122.3629593",increased,i_am_familiar_with_the_owner,,china,,,,,china,india,china,,https://storage.googleapis.com/prod-premise-android-observation-us/fee8fdea-beca-4522-841e-4485d8c58cbe.jpg,,continue,china,grocery_store,,11.708058253333332,122.36299848666664
"""6597669932761088""","""5763285456519168""","""4681035064279040""","""5462052687577088""","""5897368358617088""",2019-05-06 09:09:20.332000+00:00,"""6055342289977344""",ii-ph_foreign-businesses-in-your-community,yes,yes,no,yes,"10.709333,122.5665894",increased,other,The owner is a Chinese national,korea,,,,,"korea,china","india,russia","korea,usa,china",,https://storage.googleapis.com/prod-premise-android-observation-us/544b6321-84f8-44c8-9485-47eb68a3928f.jpg,,continue,china,convenience_store,chinese,10.709327423529412,122.56658408823529
"""6639845437865984""","""5852992824672256""","""4681035064279040""","""4750674301550592""","""5897368358617088""",2019-05-16 11:12:37.797000+00:00,"""4679033307529216""",su_foreign-businesses-in-your-community,no,no,i_m_not_sure,yes,"6.9057773,122.0768134",stayed_the_same,i_am_familiar_with_the_owner,,korea,,,,,china,india,china,,https://storage.googleapis.com/prod-premise-android-observation-us/ff918742-47f6-44a4-baf1-1e2371ff33f3.jpg,,continue,china,clothing_store,,6.905849753333333,122.07685053333334
"""6644700940337152""","""6048871924891648""","""4681035064279040""","""6674130576343040""","""5897368358617088""",2019-05-06 09:03:21.322000+00:00,"""6421587891847168""",dv-ph_foreign-businesses-in-your-community,no,no,no,sometimes,"7.0977907,125.6190415",stayed_the_same,other,It came from a foreign country,No idea,,,,,"japan,other,korea,usa,china",none_of_the_above,"india,japan,russia,korea,usa",,https://storage.googleapis.com/prod-premise-android-observation-us/5d0b1d12-6f3d-4279-af89-e679c7827cf0.jpg,,continue,other,convenience_store,,7.097828931250001,125.61911206250002
"""6660881067802624""","""6434261560197120""","""4681035064279040""","""6191255506649088""","""5897368358617088""",2019-06-05 17:46:38.498000+00:00,"""6324786039881728""",mg-ph_foreign-businesses-in-your-community,yes,yes,no,yes,"7.0128315,125.0915465",increased,i_am_familiar_with_the_owner,,China,,,Plastic wares and appliances,,"korea,usa,china,japan","china,russia,malaysia,india,indonesia","usa,korea,japan",,https://storage.googleapis.com/prod-premise-android-observation-us/734fc5ef-7392-42e8-a318-ad6133b8a934.jpg,,continue,china,other,chinese,7.012742388235294,125.09146859411764
"""6664645300453376""","""4922194444419072""","""4681035064279040""","""4750674301550592""","""5897368358617088""",2019-05-16 11:12:40.418000+00:00,"""4679033307529216""",su_foreign-businesses-in-your-community,no,no,i_m_not_sure,sometimes,"6.9743806,121.9451358",decreased,there_are_signs_in_foreign_languages,,Japanese ,,,,,china,china,china,,https://storage.googleapis.com/prod-premise-android-observation-us/e9026ce4-6f64-46aa-b0c1-c3d46bb945f9.jpg,https://storage.googleapis.com/prod-premise-android-observation-us/35ecd9fe-3070-41ec-b7ec-6f7cc92b4166.jpg,continue,china,resorts_tourism,,6.974411087499998,121.944992725
"""6679551768788992""","""5720958072520704""","""4681035064279040""","""4750674301550592""","""5897368358617088""",2019-05-24 23:24:26.857000+00:00,"""4679033307529216""",su_foreign-businesses-in-your-community,no,yes,i_m_not_sure,yes,"6.9184246,122.0636238",stayed_the_same,there_are_signs_in_foreign_languages,,japan,,,,,other,none_of_the_above,none_of_the_above,,https://storage.googleapis.com/prod-premise-android-observation-us/2a645c11-c2a6-45a2-83f6-634765d315f6.jpg,https://storage.googleapis.com/prod-premise-android-observation-us/5c737e77-e4a7-4ca5-9bb3-0cf1b20dee1a.jpg,continue,japan,restaurant,,6.918404568749999,122.06364505
"""6683510571008000""","""6104504375181312""","""4681035064279040""","""6674130576343040""","""5897368358617088""",2019-06-05 16:34:23.446000+00:00,"""6421587891847168""",dv-ph_foreign-businesses-in-your-community,yes,no,i_m_not_sure,sometimes,"7.0883234,125.6125941",stayed_the_same,"there_are_signs_in_foreign_languages,the_products_being_sold_are_clearly_foreign",,korea,,,,,china,none_of_the_above,"usa,korea,japan",https://storage.googleapis.com/prod-premise-android-observation-us/44e72884-9dbd-410c-9158-397ababfb8fb.jpg,https://storage.googleapis.com/prod-premise-android-observation-us/6d05c586-5d14-4b94-b0d7-9fd4c17f64f2.jpg,https://storage.googleapis.com/prod-premise-android-observation-us/1f62dcdc-589f-423d-b734-7a13e819dd29.jpg,continue,japan,convenience_store,japanese,7.088141838888891,125.61259161111113
"""6688335383756800""","""5891167277285376""","""4681035064279040""","""4750674301550592""","""5897368358617088""",2019-05-16 11:12:38.978000+00:00,"""4679033307529216""",su_foreign-businesses-in-your-community,yes,yes,i_m_not_sure,sometimes,"6.9543521,121.9585239",stayed_the_same,there_are_signs_in_foreign_languages,,Saudi Arabia,,,Pawnshop,arabic,china,china,"korea,japan",,https://storage.googleapis.com/prod-premise-android-observation-us/30551727-330a-4e0f-b451-d93da8087b81.jpg,https://storage.googleapis.com/prod-premise-android-observation-us/05be0c34-847a-4203-8478-4b3ea78477fb.jpg,continue,other,other,other,6.954368768421052,121.95857946842106
"""6688968924987392""","""4826615315955712""","""4681035064279040""","""4750674301550592""","""5897368358617088""",2019-05-16 11:12:38.270000+00:00,"""4679033307529216""",su_foreign-businesses-in-your-community,yes,yes,yes,sometimes,"6.9060421,122.0769472",stayed_the_same,the_products_being_sold_are_clearly_foreign,,korea,,,,,china,india,"usa,korea,china,russia,japan,malaysia",https://storage.googleapis.com/prod-premise-android-observation-us/fc974714-4296-4371-92bf-d24a2ec47ba8.jpg,https://storage.googleapis.com/prod-premise-android-observation-us/333449db-b9b6-4ffe-a27c-2c363358f8e9.jpg,,continue,china,convenience_store,chinese,6.905884470588236,122.07692737647058
"""6716520016117760""","""5953437827072000""","""4681035064279040""","""4750674301550592""","""5897368358617088""",2019-05-16 11:12:39.899000+00:00,"""4679033307529216""",su_foreign-businesses-in-your-community,yes,yes,no,yes,"6.9588766,121.9497661",increased,i_am_familiar_with_the_owner,,china,,,,,"usa,china","japan,russia","usa,china",,https://storage.googleapis.com/prod-premise-android-observation-us/117399c3-5ceb-471b-adeb-08e4e2ae450a.jpg,,continue,china,convenience_store,chinese,6.95906605625,121.94973751249998
"""6744577795948544""","""5295718712475648""","""4681035064279040""","""4750674301550592""","""5897368358617088""",2019-05-16 11:12:40.728000+00:00,"""4679033307529216""",su_foreign-businesses-in-your-community,yes,yes,yes,no,"6.5252184,122.1325397",increased,"i_am_familiar_with_the_owner,other,there_are_signs_in_foreign_languages,the_products_being_sold_are_clearly_foreign",cute,cute,hh,haahhah,,english,"japan,russia,other,usa,malaysia,china,india,indonesia,korea","japan,russia,other,usa,malaysia,china,india,none_of_the_above,indonesia,korea","japan,russia,other,usa,malaysia,china,india,none_of_the_above,indonesia,korea",https://storage.googleapis.com/prod-premise-android-observation-us/a36cd0d6-d502-49f0-b3aa-07610dd54632.jpg,https://storage.googleapis.com/prod-premise-android-observation-us/b43d82f0-ce45-4f32-9c93-971d5b200855.jpg,https://storage.googleapis.com/prod-premise-android-observation-us/e48186a6-80e9-4bf5-8a6f-335f06e55a08.jpg,continue,china,restaurant,"chinese,indonesian,japanese,korean,russian,malay,other",6.5250842409090914,122.13253310454546
