sub_id,user_id,form_id,task_id,project_id,modified,campaign_id,campaign_name,before_your_referral_creates_an_account_they_must_select_the_partner_code_option_and_enter_code_kaibigan,earn_1_for_every_friend_you_refer_to_premise,ready_enter_the_full_email_of_your_referral,to_receive_5_php_your_referral_must_enter_the_partner_code_kaibigan_and_complete_the_welcome_task,using_the_refer_a_friend_feature_send_a_friend_or_family_a_link_to_download_the_premise_app,lat,lon
"""4544557545947136""","""4966377737682944""","""5323650178744320""","""4645921519304704""","""5897368358617088""",2019-04-16 22:25:02.883000+00:00,"""5511148452446208""",s-ph_recruitment-referral,i_understand,continue,abdulazizabtahi96@gmail.com,continue,continue,7.1422989999999995,122.23117649999999
"""4612065204371456""","""6243967378128896""","""5323650178744320""","""4645921519304704""","""5897368358617088""",2019-04-18 17:01:40.470000+00:00,"""5511148452446208""",s-ph_recruitment-referral,i_understand,continue,jhoesalik08@gmail.com,continue,continue,,
"""4658974568742912""","""5634206479679488""","""5323650178744320""","""4645921519304704""","""5897368358617088""",2019-04-16 20:34:52.752000+00:00,"""5511148452446208""",s-ph_recruitment-referral,i_understand,continue,jamesalven292@gmail.com,continue,continue,6.628059,124.05854079999999
"""4719884402425856""","""6331288664408064""","""5323650178744320""","""4645921519304704""","""5897368358617088""",2019-04-23 21:19:40.239000+00:00,"""5511148452446208""",s-ph_recruitment-referral,i_understand,continue,edesaroa@yahoo.com,continue,continue,7.130210300000002,125.61973376
"""4740383392137216""","""5801073609539584""","""5323650178744320""","""4645921519304704""","""5897368358617088""",2019-04-16 22:14:37.003000+00:00,"""5511148452446208""",s-ph_recruitment-referral,i_understand,continue,akoaemauln@gmail.com,continue,continue,7.96433004,124.25206062
"""4747753052700672""","""6232449480654848""","""5323650178744320""","""4645921519304704""","""5897368358617088""",2019-04-22 22:23:59.424000+00:00,"""5511148452446208""",s-ph_recruitment-referral,i_understand,continue,judithds@yahoo.com,continue,continue,6.9543007,121.9592202
"""4748502021177344""","""5975274362503168""","""5323650178744320""","""4645921519304704""","""5897368358617088""",2019-04-16 21:50:39.758000+00:00,"""5511148452446208""",s-ph_recruitment-referral,i_understand,continue,marvindelacruz492@gmail.com,continue,continue,7.1466436,125.6623002
"""4795032656674816""","""5671502621966336""","""5323650178744320""","""4645921519304704""","""5897368358617088""",2019-04-18 22:26:35.671000+00:00,"""5511148452446208""",s-ph_recruitment-referral,i_understand,continue,nagalon.ahmadsarif@gmail.com,continue,continue,6.920324299999999,122.07309341999999
"""4819172084154368""","""5251933716611072""","""5323650178744320""","""4645921519304704""","""5897368358617088""",2019-04-16 21:44:18.612000+00:00,"""5511148452446208""",s-ph_recruitment-referral,i_understand,continue,nathcarreon143@gmail.com,continue,continue,8.24869458,124.27096082
"""4877073578459136""","""6304778607919104""","""5323650178744320""","""4645921519304704""","""5897368358617088""",2019-04-20 13:17:22.100000+00:00,"""5511148452446208""",s-ph_recruitment-referral,i_understand,continue,peterosneal@gmail.com,continue,continue,7.0713250400000005,125.61239413999999
"""4896767345688576""","""5870408684273664""","""5323650178744320""","""4645921519304704""","""5897368358617088""",2019-04-19 20:42:26.860000+00:00,"""5511148452446208""",s-ph_recruitment-referral,i_understand,continue,pidsegad su dAlem,continue,continue,6.8487838,124.4522332
"""4912236911919104""","""5889027367501824""","""5323650178744320""","""4645921519304704""","""5897368358617088""",2019-04-16 22:52:36.252000+00:00,"""5511148452446208""",s-ph_recruitment-referral,i_understand,continue,john hansel cabu,continue,continue,7.2722821,124.29037450000001
"""4937677110509568""","""6006740165328896""","""5323650178744320""","""4645921519304704""","""5897368358617088""",2019-04-18 07:35:25.912000+00:00,"""5511148452446208""",s-ph_recruitment-referral,i_understand,continue,najemamarohom@gmail.com,continue,continue,8.21839442,124.24008044
"""4992913376280576""","""6355617214103552""","""5323650178744320""","""4645921519304704""","""5897368358617088""",2019-04-18 04:32:27.069000+00:00,"""5511148452446208""",s-ph_recruitment-referral,i_understand,continue,ayahoo.com,continue,continue,7.3821448599999995,124.26610882
"""5015109498830848""","""6423747035660288""","""5323650178744320""","""4645921519304704""","""5897368358617088""",2019-04-17 22:20:35.354000+00:00,"""5511148452446208""",s-ph_recruitment-referral,i_understand,continue,http://coinverting.com/?ref=166051&game=7&pf=2,continue,continue,7.2212147799999995,124.2370719
"""5018220128894976""","""5893639425228800""","""5323650178744320""","""4645921519304704""","""5897368358617088""",2019-04-16 19:39:13.777000+00:00,"""5511148452446208""",s-ph_recruitment-referral,i_understand,continue,bghjjgfu@gmail.com,continue,continue,7.4305414,125.82023514
"""5056061609345024""","""6153075900284928""","""5323650178744320""","""4645921519304704""","""5897368358617088""",2019-04-16 20:07:38.199000+00:00,"""5511148452446208""",s-ph_recruitment-referral,i_understand,continue,Wefreddeliva03@gmail.com,continue,continue,6.921464979999999,122.03936351999998
"""5062856247607296""","""6161662570659840""","""5323650178744320""","""4645921519304704""","""5897368358617088""",2019-04-16 20:11:04.626000+00:00,"""5511148452446208""",s-ph_recruitment-referral,i_understand,continue,ytabao@gmail.com,continue,continue,7.99590788,124.25448634
"""5106644982693888""","""6158351588130816""","""5323650178744320""","""4645921519304704""","""5897368358617088""",2019-04-16 22:02:36.051000+00:00,"""5511148452446208""",s-ph_recruitment-referral,i_understand,continue,marcdacles@gmail.com,continue,continue,7.1466436,125.6623002
"""5130969026658304""","""5840420616536064""","""5323650178744320""","""4645921519304704""","""5897368358617088""",2019-04-19 05:27:21.944000+00:00,"""5511148452446208""",s-ph_recruitment-referral,i_understand,continue,sulathegreat05@gmail.com,continue,continue,6.966738099999999,124.3906375
"""5136880512270336""","""5889027367501824""","""5323650178744320""","""4645921519304704""","""5897368358617088""",2019-04-16 22:50:41.979000+00:00,"""5511148452446208""",s-ph_recruitment-referral,i_understand,continue,mohamadkabasalan137@gmail.com,continue,continue,7.272222620000001,124.29033374000001
"""5178195178422272""","""6401522776670208""","""5323650178744320""","""4645921519304704""","""5897368358617088""",2019-04-16 22:51:37.291000+00:00,"""5511148452446208""",s-ph_recruitment-referral,i_understand,continue,camorliza@gmail.com,continue,continue,6.96146922,126.20401480000001
"""5191578531397632""","""6348532807106560""","""5323650178744320""","""4645921519304704""","""5897368358617088""",2019-04-17 03:40:44.851000+00:00,"""5511148452446208""",s-ph_recruitment-referral,i_understand,continue,jayrhordista@gmail.com,continue,continue,6.06787212,125.14812922000002
"""5196937677504512""","""5675797802123264""","""5323650178744320""","""4645921519304704""","""5897368358617088""",2019-04-17 04:37:16.687000+00:00,"""5511148452446208""",s-ph_recruitment-referral,i_understand,continue,azizmadapaka@gmail.com,continue,continue,5.02864664,119.7756903
"""5198081380319232""","""6120220616818688""","""5323650178744320""","""4645921519304704""","""5897368358617088""",2019-04-16 19:27:08.218000+00:00,"""5511148452446208""",s-ph_recruitment-referral,i_understand,continue,alucardmobile@gmil.com,continue,continue,7.10964702,125.67620054
"""5203276915015680""","""6595174743408640""","""5323650178744320""","""4645921519304704""","""5897368358617088""",2019-04-16 21:51:56.455000+00:00,"""5511148452446208""",s-ph_recruitment-referral,i_understand,continue,leethalpaul1@gmail.com,continue,continue,6.911257359999999,122.06489226
"""5211208276770816""","""6354943958056960""","""5323650178744320""","""4645921519304704""","""5897368358617088""",2019-04-22 09:59:25.671000+00:00,"""5511148452446208""",s-ph_recruitment-referral,i_understand,continue,wengmama6244@gmail.com,continue,continue,,
"""5285383670595584""","""6744836424073216""","""5323650178744320""","""4645921519304704""","""5897368358617088""",2019-04-16 22:40:41.821000+00:00,"""5511148452446208""",s-ph_recruitment-referral,i_understand,continue,Hello! I earn money for photos and research with P,continue,continue,7.184576760000001,124.5325542
"""5336110925348864""","""5650453523070976""","""5323650178744320""","""4645921519304704""","""5897368358617088""",2019-04-16 22:50:33.481000+00:00,"""5511148452446208""",s-ph_recruitment-referral,i_understand,continue,mhigzjafar3@gmail.com,continue,continue,6.91611346,122.04529004000001
"""5358795365548032""","""6742399269208064""","""5323650178744320""","""4645921519304704""","""5897368358617088""",2019-04-18 22:46:49.473000+00:00,"""5511148452446208""",s-ph_recruitment-referral,i_understand,continue,hjanurzatuttuh@gmail.com,continue,continue,6.9382344400000004,122.03902506
"""5363217336369152""","""5634206479679488""","""5323650178744320""","""4645921519304704""","""5897368358617088""",2019-04-17 13:15:21.487000+00:00,"""5511148452446208""",s-ph_recruitment-referral,i_understand,continue,alvengaming123@gmail.com,continue,continue,6.631095400000001,124.0646639
"""5383445759918080""","""6401522776670208""","""5323650178744320""","""4645921519304704""","""5897368358617088""",2019-04-17 21:46:56.212000+00:00,"""5511148452446208""",s-ph_recruitment-referral,i_understand,continue,eamsI.cale@yahooI.comI,continue,continue,6.9614144,126.2051367
"""5399368612970496""","""6545693431824384""","""5323650178744320""","""4645921519304704""","""5897368358617088""",2019-04-16 22:43:54.879000+00:00,"""5511148452446208""",s-ph_recruitment-referral,i_understand,continue,Wtfgamer.nicolo@gmail.com,continue,continue,7.1846833000000005,124.53242830000002
"""5403414086287360""","""6714771939262464""","""5323650178744320""","""4645921519304704""","""5897368358617088""",2019-04-19 23:04:44.671000+00:00,"""5511148452446208""",s-ph_recruitment-referral,i_understand,continue,M6W3RT,continue,continue,7.199749159999999,124.54686568
"""5414551758569472""","""5380377692602368""","""5323650178744320""","""4645921519304704""","""5897368358617088""",2019-04-17 21:48:12.120000+00:00,"""5511148452446208""",s-ph_recruitment-referral,i_understand,continue,marugaangelikamay@gmail.com ,continue,continue,7.11692168,125.39271942
"""5444987641659392""","""4754688328073216""","""5323650178744320""","""4645921519304704""","""5897368358617088""",2019-04-18 17:01:43.506000+00:00,"""5511148452446208""",s-ph_recruitment-referral,i_understand,continue,naminula@gmilI.com,continue,continue,6.95362274,121.95768182000002
"""5463355908161536""","""5864606977228800""","""5323650178744320""","""4645921519304704""","""5897368358617088""",2019-04-17 22:45:56.978000+00:00,"""5511148452446208""",s-ph_recruitment-referral,i_understand,continue,ok,continue,continue,7.083527140000001,125.61095679999998
"""5477013736390656""","""6153075900284928""","""5323650178744320""","""4645921519304704""","""5897368358617088""",2019-04-16 20:09:14.726000+00:00,"""5511148452446208""",s-ph_recruitment-referral,i_understand,continue,Wefreddeliva03@gmail.com,continue,continue,6.92147016,122.03937409999999
"""5493367931666432""","""6243967378128896""","""5323650178744320""","""4645921519304704""","""5897368358617088""",2019-04-18 22:49:27.697000+00:00,"""5511148452446208""",s-ph_recruitment-referral,i_understand,continue,jhoesalik08@gmail.com,continue,continue,7.223648299999999,124.2474379
"""5522859525931008""","""6158351588130816""","""5323650178744320""","""4645921519304704""","""5897368358617088""",2019-04-16 22:01:46.362000+00:00,"""5511148452446208""",s-ph_recruitment-referral,i_understand,continue,codizardave@gmail.com,continue,continue,7.1466436,125.6623002
"""5540676660887552""","""5689219302293504""","""5323650178744320""","""4645921519304704""","""5897368358617088""",2019-04-17 20:19:16.403000+00:00,"""5511148452446208""",s-ph_recruitment-referral,i_understand,continue,iraihanie03@gmail.com,continue,continue,8.02038206,124.26855774
"""5556871036403712""","""6401522776670208""","""5323650178744320""","""4645921519304704""","""5897368358617088""",2019-04-16 23:56:21.303000+00:00,"""5511148452446208""",s-ph_recruitment-referral,i_understand,continue,milavilla02@gmailI.com,continue,continue,6.96724236,126.19691026000001
"""5557224364572672""","""6744836424073216""","""5323650178744320""","""4645921519304704""","""5897368358617088""",2019-04-16 22:42:34.929000+00:00,"""5511148452446208""",s-ph_recruitment-referral,i_understand,continue,nido00018@gmail.com,continue,continue,7.18454646,124.5325738
"""5583383668195328""","""6576725963046912""","""5323650178744320""","""4645921519304704""","""5897368358617088""",2019-04-17 22:51:58.706000+00:00,"""5511148452446208""",s-ph_recruitment-referral,i_understand,continue,claudekaja89@gmail.com,continue,continue,8.066811320000001,122.51582902
"""5612686082572288""","""6286645868363776""","""5323650178744320""","""4645921519304704""","""5897368358617088""",2019-04-16 22:44:05.489000+00:00,"""5511148452446208""",s-ph_recruitment-referral,i_understand,continue,aljonrivera23@gmail.com,continue,continue,7.83429368,124.82521568
"""5614368468238336""","""5641408938508288""","""5323650178744320""","""4645921519304704""","""5897368358617088""",2019-04-18 23:07:08.720000+00:00,"""5511148452446208""",s-ph_recruitment-referral,i_understand,continue,alkasimhamid7@gmail.com,continue,continue,6.937797479999999,122.05490497999999
"""5637810030641152""","""5912884493156352""","""5323650178744320""","""4645921519304704""","""5897368358617088""",2019-04-17 09:35:54.949000+00:00,"""5511148452446208""",s-ph_recruitment-referral,i_understand,continue,megansoyos93zgmail.com,continue,continue,,
"""5679323875901440""","""5975274362503168""","""5323650178744320""","""4645921519304704""","""5897368358617088""",2019-04-16 21:51:42.199000+00:00,"""5511148452446208""",s-ph_recruitment-referral,i_understand,continue,maraclyde673@gmail.com,continue,continue,6.950872340000001,125.72488744000002
"""5698049664876544""","""6120220616818688""","""5323650178744320""","""4645921519304704""","""5897368358617088""",2019-04-16 19:25:05.827000+00:00,"""5511148452446208""",s-ph_recruitment-referral,i_understand,continue,t,continue,continue,7.1466436,125.6623002
"""5714135726686208""","""5870408684273664""","""5323650178744320""","""4645921519304704""","""5897368358617088""",2019-04-18 22:19:58.681000+00:00,"""5511148452446208""",s-ph_recruitment-referral,i_understand,continue,saiden siddik,continue,continue,6.8520658,124.43000846
"""5718899617169408""","""5748385104527360""","""5323650178744320""","""4645921519304704""","""5897368358617088""",2019-04-17 21:50:45.694000+00:00,"""5511148452446208""",s-ph_recruitment-referral,i_understand,continue,sirmalynpakkam@yahoo.com,continue,continue,6.9584043,121.95979888000002
"""5729908255883264""","""5641408938508288""","""5323650178744320""","""4645921519304704""","""5897368358617088""",2019-04-18 23:08:23.723000+00:00,"""5511148452446208""",s-ph_recruitment-referral,i_understand,continue,alkasimhamid36@yahoo.com,continue,continue,6.93777752,122.0549256
"""5780511325683712""","""5782788876795904""","""5323650178744320""","""4645921519304704""","""5897368358617088""",2019-04-17 01:22:24.288000+00:00,"""5511148452446208""",s-ph_recruitment-referral,i_understand,continue,ace_obra@yahoo.com,continue,continue,6.99414998,125.98801840000002
"""5830470519488512""","""4601304786665472""","""5323650178744320""","""4645921519304704""","""5897368358617088""",2019-04-16 21:46:33.188000+00:00,"""5511148452446208""",s-ph_recruitment-referral,i_understand,continue,KAIBIGAN,continue,continue,7.3789991,124.27384006
"""5830962159026176""","""5864606977228800""","""5323650178744320""","""4645921519304704""","""5897368358617088""",2019-04-18 10:29:37.383000+00:00,"""5511148452446208""",s-ph_recruitment-referral,i_understand,continue,ok,continue,continue,7.08438008,125.59391998000001
"""5844236493651968""","""4754688328073216""","""5323650178744320""","""4645921519304704""","""5897368358617088""",2019-04-18 17:48:15.946000+00:00,"""5511148452446208""",s-ph_recruitment-referral,i_understand,continue,kurtzhed@yahoo.com,continue,continue,6.953544480000001,121.9576515
"""5868688480665600""","""5975274362503168""","""5323650178744320""","""4645921519304704""","""5897368358617088""",2019-04-16 21:49:17.804000+00:00,"""5511148452446208""",s-ph_recruitment-referral,i_understand,continue,codizardexter@gmail.com,continue,continue,6.964741399999999,125.7294608
"""5877270060204032""","""6545693431824384""","""5323650178744320""","""4645921519304704""","""5897368358617088""",2019-04-16 22:44:27.596000+00:00,"""5511148452446208""",s-ph_recruitment-referral,i_understand,continue,fransaaron123@gmail.com,continue,continue,7.1846833000000005,124.53242830000002
"""5891932004810752""","""5671502621966336""","""5323650178744320""","""4645921519304704""","""5897368358617088""",2019-04-18 21:53:28.720000+00:00,"""5511148452446208""",s-ph_recruitment-referral,i_understand,continue,queenzykhayle2980@gmail.com,continue,continue,6.9202469,122.07305896
"""5892436227260416""","""5893639425228800""","""5323650178744320""","""4645921519304704""","""5897368358617088""",2019-04-16 19:39:58.684000+00:00,"""5511148452446208""",s-ph_recruitment-referral,i_understand,continue,htghijjgvbj@gmail.com,continue,continue,7.43056342,125.82024826
"""5924336627089408""","""5870408684273664""","""5323650178744320""","""4645921519304704""","""5897368358617088""",2019-04-18 22:25:42.056000+00:00,"""5511148452446208""",s-ph_recruitment-referral,i_understand,continue,irene bagundang,continue,continue,6.8520467,124.4297217
"""5925140792606720""","""6348532807106560""","""5323650178744320""","""4645921519304704""","""5897368358617088""",2019-04-16 22:05:14.112000+00:00,"""5511148452446208""",s-ph_recruitment-referral,i_understand,continue,gfhamile@gmail.com,continue,continue,6.07625878,125.13219482
"""5951987492323328""","""6158351588130816""","""5323650178744320""","""4645921519304704""","""5897368358617088""",2019-04-16 22:00:55.926000+00:00,"""5511148452446208""",s-ph_recruitment-referral,i_understand,continue,juevesanozaldymar@gmail.com,continue,continue,7.1466436,125.6623002
"""5997021130391552""","""5634206479679488""","""5323650178744320""","""4645921519304704""","""5897368358617088""",2019-04-19 21:14:56.037000+00:00,"""5511148452446208""",s-ph_recruitment-referral,i_understand,continue,jamesalven292@gmail.com,continue,continue,6.63016954,124.06213188
"""6006633166536704""","""6192774163464192""","""5323650178744320""","""4645921519304704""","""5897368358617088""",2019-04-17 22:48:52.876000+00:00,"""5511148452446208""",s-ph_recruitment-referral,i_understand,continue,lokolung@facebook.com,continue,continue,6.933002739999999,122.1055792
"""6021438657003520""","""6286645868363776""","""5323650178744320""","""4645921519304704""","""5897368358617088""",2019-04-16 22:46:03.129000+00:00,"""5511148452446208""",s-ph_recruitment-referral,i_understand,continue,aljonrivera23@gmail.com,continue,continue,7.8341977599999995,124.82511164
"""6065933880655872""","""5327854910832640""","""5323650178744320""","""4645921519304704""","""5897368358617088""",2019-04-20 21:57:10.945000+00:00,"""5511148452446208""",s-ph_recruitment-referral,i_understand,continue,anielynb@yahoo.com,continue,continue,6.65859334,122.1438502
"""6071015665827840""","""4966377737682944""","""5323650178744320""","""4645921519304704""","""5897368358617088""",2019-04-16 22:22:59.346000+00:00,"""5511148452446208""",s-ph_recruitment-referral,i_understand,continue,jayserbtahi18@gmail.com,continue,continue,7.1422989999999995,122.23117649999999
"""6116965675433984""","""5868448600031232""","""5323650178744320""","""4645921519304704""","""5897368358617088""",2019-04-20 11:46:02.407000+00:00,"""5511148452446208""",s-ph_recruitment-referral,i_understand,continue,litaorlandol93@gmail.com,continue,continue,5.95935642,125.09132043999998
"""6130333593370624""","""6286645868363776""","""5323650178744320""","""4645921519304704""","""5897368358617088""",2019-04-16 22:48:13.237000+00:00,"""5511148452446208""",s-ph_recruitment-referral,i_understand,continue,aljonrivera23@gmail.com,continue,continue,7.834202980000001,124.82514798
"""6139258401193984""","""6744670588633088""","""5323650178744320""","""4645921519304704""","""5897368358617088""",2019-04-17 22:16:44.213000+00:00,"""5511148452446208""",s-ph_recruitment-referral,i_understand,continue,mcnamardj@gmal.com,continue,continue,8.0666653,122.51584915999999
"""6165489377083392""","""5893639425228800""","""5323650178744320""","""4645921519304704""","""5897368358617088""",2019-04-16 19:40:29.918000+00:00,"""5511148452446208""",s-ph_recruitment-referral,i_understand,continue,bjuugfhuu@gmail.com,continue,continue,7.430522119999999,125.82030762000002
"""6187627450466304""","""6046752425639936""","""5323650178744320""","""4645921519304704""","""5897368358617088""",2019-04-16 23:09:01.483000+00:00,"""5511148452446208""",s-ph_recruitment-referral,i_understand,continue,gipthep@gmail.com,continue,continue,7.1283788,125.63576029999999
"""6188607944523776""","""5214694556041216""","""5323650178744320""","""4645921519304704""","""5897368358617088""",2019-04-17 22:57:48.006000+00:00,"""5511148452446208""",s-ph_recruitment-referral,i_understand,continue,smindalano@yahoo.com,continue,continue,7.01366146,125.50186244
"""6196154470498304""","""6161662570659840""","""5323650178744320""","""4645921519304704""","""5897368358617088""",2019-04-16 20:09:02.727000+00:00,"""5511148452446208""",s-ph_recruitment-referral,i_understand,continue,ytabao@gmail.com,continue,continue,7.995936,124.25449142
"""6216411717304320""","""5864606977228800""","""5323650178744320""","""4645921519304704""","""5897368358617088""",2019-04-17 22:45:39.006000+00:00,"""5511148452446208""",s-ph_recruitment-referral,i_understand,continue,ok,continue,continue,7.083526399999999,125.61097154
"""6223751413760000""","""5774983416512512""","""5323650178744320""","""4645921519304704""","""5897368358617088""",2019-04-16 22:39:03.239000+00:00,"""5511148452446208""",s-ph_recruitment-referral,i_understand,continue,aimean0820@gmail.com,continue,continue,7.27227214,124.29036052
"""6235018153164800""","""6460741635801088""","""5323650178744320""","""4645921519304704""","""5897368358617088""",2019-04-20 23:36:42.722000+00:00,"""5511148452446208""",s-ph_recruitment-referral,i_understand,continue,en2salacsa@gmail.com,continue,continue,7.241792000000001,125.6470256
"""6252423541686272""","""5251933716611072""","""5323650178744320""","""4645921519304704""","""5897368358617088""",2019-04-16 21:40:55.536000+00:00,"""5511148452446208""",s-ph_recruitment-referral,i_understand,continue,nathcarreon143,continue,continue,8.2486324,124.27103606
"""6257122504343552""","""4754688328073216""","""5323650178744320""","""4645921519304704""","""5897368358617088""",2019-04-18 17:47:01.193000+00:00,"""5511148452446208""",s-ph_recruitment-referral,i_understand,continue,ramla@yahooI.com,continue,continue,6.95356122,121.95769272
"""6277795624779776""","""5675797802123264""","""5323650178744320""","""4645921519304704""","""5897368358617088""",2019-04-16 20:09:50.364000+00:00,"""5511148452446208""",s-ph_recruitment-referral,i_understand,continue,runanhar58@gmail.com,continue,continue,5.0285507,119.77546170000001
"""6311639967072256""","""4577055808159744""","""5323650178744320""","""4645921519304704""","""5897368358617088""",2019-04-17 02:23:16.556000+00:00,"""5511148452446208""",s-ph_recruitment-referral,i_understand,continue,mirshhh@yahoo.com,continue,continue,7.0751706400000005,125.59666040000002
"""6324201840443392""","""6460741635801088""","""5323650178744320""","""4645921519304704""","""5897368358617088""",2019-04-18 23:08:25.399000+00:00,"""5511148452446208""",s-ph_recruitment-referral,i_understand,continue,jdsampawan@monark-cat.com,continue,continue,7.249624539999999,125.64810974
"""6332240878370816""","""5757923062972416""","""5323650178744320""","""4645921519304704""","""5897368358617088""",2019-04-16 22:44:38.757000+00:00,"""5511148452446208""",s-ph_recruitment-referral,i_understand,continue,mayumae76@gmail.com,continue,continue,7.2325063,124.25185977999999
"""6343735620141056""","""6231872326598656""","""5323650178744320""","""4645921519304704""","""5897368358617088""",2019-04-16 21:55:53.522000+00:00,"""5511148452446208""",s-ph_recruitment-referral,i_understand,continue,amirrcabuyao1234@gmail.com,continue,continue,7.008237820000001,125.49225922000001
"""6351784187527168""","""6068563711361024""","""5323650178744320""","""4645921519304704""","""5897368358617088""",2019-04-16 22:12:34.847000+00:00,"""5511148452446208""",s-ph_recruitment-referral,i_understand,continue,mbjoshua9@gmail.com,continue,continue,7.99809142,124.2674934
"""6358659926851584""","""6431527913127936""","""5323650178744320""","""4645921519304704""","""5897368358617088""",2019-04-19 22:55:18.020000+00:00,"""5511148452446208""",s-ph_recruitment-referral,i_understand,continue,kaputian30@gmail.com,continue,continue,6.96735468,125.7233367
"""6445267808157696""","""5774354509987840""","""5323650178744320""","""4645921519304704""","""5897368358617088""",2019-04-17 22:27:27.284000+00:00,"""5511148452446208""",s-ph_recruitment-referral,i_understand,continue,albasitsusulan07@gmail.com,continue,continue,6.9380116,122.06758740000001
"""6488090746028032""","""6432330420846592""","""5323650178744320""","""4645921519304704""","""5897368358617088""",2019-04-16 22:07:57.679000+00:00,"""5511148452446208""",s-ph_recruitment-referral,i_understand,continue,zirelmalbueso@gmail.com,continue,continue,7.14664984,125.66229996
"""6515646752882688""","""6354691068788736""","""5323650178744320""","""4645921519304704""","""5897368358617088""",2019-04-18 13:02:00.482000+00:00,"""5511148452446208""",s-ph_recruitment-referral,i_understand,continue,alaysa.hadjinor@gmail.com,continue,continue,7.228471860000001,124.23485874
"""6580314565509120""","""5889027367501824""","""5323650178744320""","""4645921519304704""","""5897368358617088""",2019-04-17 00:57:17.540000+00:00,"""5511148452446208""",s-ph_recruitment-referral,i_understand,continue,mohamadkabasalan110388@gmail.com,continue,continue,7.2713157,124.29092011999998
"""6585195728732160""","""6153075900284928""","""5323650178744320""","""4645921519304704""","""5897368358617088""",2019-04-16 20:10:37.040000+00:00,"""5511148452446208""",s-ph_recruitment-referral,i_understand,continue,Wefreddeliva03@gmail.com,continue,continue,6.921473059999999,122.03936884
"""6590085280563200""","""5641408938508288""","""5323650178744320""","""4645921519304704""","""5897368358617088""",2019-04-16 20:09:56.525000+00:00,"""5511148452446208""",s-ph_recruitment-referral,i_understand,continue,karencasa75@yahoo.com,continue,continue,6.92633902,122.05233566
"""6598341281447936""","""5869585323524096""","""5323650178744320""","""4645921519304704""","""5897368358617088""",2019-04-16 22:44:51.678000+00:00,"""5511148452446208""",s-ph_recruitment-referral,i_understand,continue,disharnebom@gmail.com,continue,continue,6.6249285,124.59812548
"""6655333081546752""","""5372816749756416""","""5323650178744320""","""4645921519304704""","""5897368358617088""",2019-04-16 23:08:25.760000+00:00,"""5511148452446208""",s-ph_recruitment-referral,i_understand,continue,madzwinlove@gmal.com,continue,continue,7.8576944,125.0463973
"""6660451474604032""","""6054901586067456""","""5323650178744320""","""4645921519304704""","""5897368358617088""",2019-04-17 20:58:22.158000+00:00,"""5511148452446208""",s-ph_recruitment-referral,i_understand,continue,mimimeemee76@gmail.com,continue,continue,6.5458945,122.16206906
"""6707652494098432""","""4843292333178880""","""5323650178744320""","""4645921519304704""","""5897368358617088""",2019-04-17 23:11:43.463000+00:00,"""5511148452446208""",s-ph_recruitment-referral,i_understand,continue,ariolajeferd@gmail.com,continue,continue,8.216253040000002,124.24319678000002
"""6714748786704384""","""6120220616818688""","""5323650178744320""","""4645921519304704""","""5897368358617088""",2019-04-16 19:25:39.533000+00:00,"""5511148452446208""",s-ph_recruitment-referral,i_understand,continue,q,continue,continue,7.1466436,125.6623002
"""6721645396885504""","""5671502621966336""","""5323650178744320""","""4645921519304704""","""5897368358617088""",2019-04-18 22:01:12.438000+00:00,"""5511148452446208""",s-ph_recruitment-referral,i_understand,continue,abduhari08@gmail.com,continue,continue,6.920296199999998,122.07305955999998
"""6752614761889792""","""5672334397538304""","""5323650178744320""","""4645921519304704""","""5897368358617088""",2019-04-18 17:48:10.774000+00:00,"""5511148452446208""",s-ph_recruitment-referral,i_understand,continue,itzymomo26@gmail.com,continue,continue,,
